,Plot,WEW 10,WEW 2,WEW 3,WEW 4,WEW 6,WEW 7,WEW 9,RAT 11,RAT 11,RAT 18,RAT 18,RAT 23,RAT 23,RAT 24,RAT 24,WEW 10,WEW 2,WEW 3,WEW 4,WEW 6,WEW 7,WEW 9,GLEN 10,GLEN 10,GLEN 14,GLEN 14,GLEN 15,GLEN 15,GLEN 18,GLEN 18,GLEN 20,GLEN 20,GLEN 23,GLEN 23,GLEN 8,GLEN 8,RAT 11-1,RAT 11-1,RAT 11-3,RAT 11-3,RAT 18-1,RAT 18-1,RAT 18-3,RAT 18-3,RAT 23-1,RAT 23-1,RAT 23-3,RAT 23-3,RAT 24-3,RAT 24-3,WEW 10,WEW 2,WEW 3,WEW 4,WEW 6,WEW 7,WEW 9,RAT 11,RAT 11,RAT 18,RAT 18,RAT 23,RAT 23,RAT 24,RED 1,RED 2,YAR 1,DQP 1,DQP 1,DQP 2,DQP 2,IQS 1,IQS 1,IQS 2,IQS 2,MTB 1 & 2,MTB 1 & 2,MTB 3 & 4,MTB 3 & 4,MTB 5,MTB 5,MTB 6,MTB 6,MTB 7,MTB 7,MTB 8,MTB 8,NEYA 1 ,NEYA 1 ,NEYA 2,NEYA 2,RED 1,RED 1,RED 2,RED 2,SPEY 1,SPEY 1,SPEY 2,SPEY 2,TWS 1,TWS 1,TWS 2,TWS 2,WFW 1,WFW 1,WFW 2,WFW 2,YAR 1,YAR 1,YAR 2,YAR 2,YAR 3,YAR 3,MTB 1 & 2,MTB 1 & 2,MTB 3 & 4,MTB 3 & 4,MTB 5,MTB 5,MTB 6,MTB 6,SPEY 1,SPEY 1,SPEY 2,SPEY 2,WEW 1,WEW 1,WEW 3,WEW 3,WEW 4,WEW 4,WEW 5,WEW 5,DQP 1,DQP 1,DQP 2,DQP 2,IQS 1,IQS 1,IQS 2,IQS 2,MTB 7,MTB 7,MTB 8,MTB 8,NEYA 1,NEYA 1,NEYA 2,NEYA 2,WEW 10,WEW 10,WEW 2,WEW 2 ,WEW 6,WEW 6,WEW 7,WEW 7,WEW 8,WEW 8,WEW 9,WEW 9,WFW 1,WFW 1,WFW 2,WFW 2,YAR 1,YAR 1,YAR 2,YAR 2,YAR 3,YAR 3,GLEN 1,GLEN 1,GLEN 10,GLEN 10,GLEN 12,GLEN 12,GLEN 14,GLEN 14,GLEN 15,GLEN 15,GLEN 18,GLEN 18,GLEN 20,GLEN 20,GLEN 24,GLEN 24,GLEN 4,GLEN 4,GLEN 8,GLEN 8,RED 1,RED 1,RED 2,RED 2,TWS 1,TWS 1,TWS 2,TWS 2,RAT 11,RAT 11,RAT 13,RAT 13,RAT 14,RAT 14,RAT 18,RAT 18,RAT 2,RAT 2,RAT 23,RAT 23,RAT 24,RAT 24,RAT 4,RAT 4,RAT 5,RAT 5,RAT 7,RAT 7,IQS 1,IQS 1,IQS 2,IQS 2,SPEY 1,SPEY 1,SPEY 2,SPEY 2,WEW 1,WEW 1,WEW 10,WEW 10,WEW 2,WEW 2 ,WEW 3,WEW 3,WEW 4,WEW 4,WEW 5,WEW 5,WEW 6,WEW 6,WEW 7,WEW 7,WEW 8,WEW 8,WEW 9,WEW 9,WFW 1,WFW 1,WFW 2,WFW 2,DQP 1,DQP 1,DQP 2,DQP 2,MTB 1&2,MTB 1&2,MTB 3&4,MTB 3&4,MTB 5,MTB 5,MTB 6,MTB 6,MTB 7,MTB 7,MTB 8,MTB 8,NEYA 1,NEYA 1,NEYA 2,NEYA 2,YAR 1,YAR 1,YAR 2,YAR 2,YAR 3,YAR 3,GLEN 10,GLEN 10,GLEN 12,GLEN 12,GLEN 13,GLEN 13,GLEN 14,GLEN 14,GLEN 15,GLEN 15,GLEN 17,GLEN 17,GLEN 18,GLEN 18,GLEN 19,GLEN 19,GLEN 20,GLEN 20,GLEN 24,GLEN 24,,
,Year,2007,2007,2007,2007,2007,2007,2007,2008,2008,2008,2008,2008,2008,2008,2008,2008,2008,2008,2008,2008,2008,2008,2009,2009,2009,2009,2009,2009,2009,2009,2009,2009,2009,2009,2009,2009,2009,2009,2009,2009,2009,2009,2009,2009,2009,2009,2009,2009,2009,2009,2009,2009,2009,2009,2009,2009,2009,2010,2010,2010,2010,2010,2010,2010,2011,2011,2011,2012,2012,2012,2012,2012,2012,2012,2012,2012,2012,2012,2012,2012,2012,2012,2012,2012,2012,2012,2012,2012,2012,2012,2012,2012,2012,2012,2012,2012,2012,2012,2012,2012,2012,2012,2012,2012,2012,2012,2012,2012,2012,2012,2012,2012,2012,2013,2013,2013,2013,2013,2013,2013,2013,2013,2013,2013,2013,2013,2013,2013,2013,2013,2013,2013,2013,2014,2014,2014,2014,2014,2014,2014,2014,2014,2014,2014,2014,2014,2014,2014,2014,2014,2014,2014,2014,2014,2014,2014,2014,2014,2014,2014,2014,2014,2014,2014,2014,2014,2014,2014,2014,2014,2014,2015,2015,2015,2015,2015,2015,2015,2015,2015,2015,2015,2015,2015,2015,2015,2015,2015,2015,2015,2015,2015,2015,2015,2015,2015,2015,2015,2015,2016,2016,2016,2016,2016,2016,2016,2016,2016,2016,2016,2016,2016,2016,2016,2016,2016,2016,2016,2016,2017,2017,2017,2017,2017,2017,2017,2017,2017,2017,2017,2017,2017,2017,2017,2017,2017,2017,2017,2017,2017,2017,2017,2017,2017,2017,2017,2017,2017,2017,2017,2017,2018,2018,2018,2018,2018,2018,2018,2018,2018,2018,2018,2018,2018,2018,2018,2018,2018,2018,2018,2018,2018,2018,2018,2018,2018,2018,2019,2019,2019,2019,2019,2019,2019,2019,2019,2019,2019,2019,2019,2019,2019,2019,2019,2019,2019,2019,,
Latin Name,Common Name,# Stems,# Stems,# Stems,# Stems,# Stems,# Stems,# Stems,Line 1,Line 3,Line 1,Line 3,Line 1,Line 3,Line 1,Line 3,# Stems,# Stems,# Stems,# Stems,# Stems,# Stems,# Stems,# of Stems,Cover (m2),# of Stems,Cover (m2),# of Stems,Cover (m2),# of Stems,Cover (m2),# of Stems,Cover (m2),# of Stems,Cover (m2),# of Stems,Cover (m2),# Stems,Cover (m2),# Stems,Cover (m2),# Stems,Cover (m2),# Stems,Cover (m2),# Stems,Cover (m2),# Stems,Cover (m2),# Stems,Cover (m2),# Stems,# Stems,# Stems,# Stems,# Stems,# Stems,# Stems,Line 1,Line 3,Line 1,Line 3,Line 1,Line 3,Line 3,,,stems,# Stems,m2,# Stems,m2,# Stems,Cover (m2),# Stems,Cover (m2),# Stems,Cover (m2),# Stems,Cover (m2),# Stems,Cover (m2),# Stems,Cover (m2),# Stems,Cover (m2),# Stems,Cover (m2),# Stems,Cover (m2),# Stems,Cover (m2),# Stems,Cover (m2),# Stems,Cover (m2),# Stems,Cover (m2),# Stems,Cover (m2),# Stems,Cover (m2),# Stems,Cover (m2),# Stems,m2,# Stems,m2,# Stems,m2,# Stems,m2,# Stems,m2,# Stems,Cover (m2),# Stems,Cover (m2),# Stems,Cover (m2),# Stems,Cover (m2),# Stems,Cover (m2),# Stems,Cover (m2),# Stems,Cover (m2),# Stems,Cover (m2),# Stems,Cover (m2),# Stems,Cover (m2),# Stems,m2,# Stems,m2,# Stems,Cover (m2),# Stems,Cover (m2),# Stems,Cover (m2),# Stems,Cover (m2),# Stems,Cover (m2),# Stems,Cover (m2),# Stems,Cover (m2),# Stems,Cover (m2),# Stems,Cover (m2),# Stems,Cover (m2),# Stems,Cover (m2),# Stems,Cover (m2),# Stems,Cover (m2),# Stems,Cover (m2),# Stems,m2,# Stems,m2,# Stems,m2,# Stems,Cover (m2),# Stems,Cover (m2),# Stems,Cover (m2),# Stems,Cover (m2),# Stems,Cover (m2),# Stems,Cover (m2),# Stems,Cover (m2),# Stems,Cover (m2),# Stems,Cover (m2),# Stems,Cover (m2),# Stems,Cover (m2),# Stems,Cover (m2),# Stems,Cover (m2),# Stems,Cover (m2),# Stems,Cover (m2),# Stems,Cover (m2),# Stems,Cover (m2),# Stems,Cover (m2),# Stems,Cover (m2),# Stems,Cover (m2),# Stems,Cover (m2),# Stems,Cover (m2),# Stems,Cover (m2),# Stems,Cover (m2),# Stems,Cover (m2),# Stems,Cover (m2),# Stems,Cover (m2),# Stems,Cover (m2),# Stems,Cover (m2),# Stems,Cover (m2),# Stems,Cover (m2),# Stems,Cover (m2),# Stems,Cover (m2),# Stems,Cover (m2),# Stems,Cover (m2),# Stems,Cover (m2),# Stems,Cover (m2),# Stems,Cover (m2),# Stems,Cover (m2),# Stems,Cover (m2),# Stems,Cover (m2),# Stems,Cover (m2),# Stems,Cover (m2),# Stems,Cover (m2),# Stems,Cover (m2),# Stems,Cover (m2),# Stems,Cover (m2),# Stems,Cover (m2),# Stems,Cover (m2),# Stems,Cover (m2),# Stems,Cover (m2),# Stems,Cover (m2),# Stems,Cover (m2),# Stems,Cover (m2),# Stems,Cover (m2),# Stems,Cover (m2),# Stems,Cover (m2),# Stems,Cover (m2),# Stems,Cover (m2),# Stems,Cover (m2),# Stems,Cover (m2),# Stems,Cover (m2),# Stems,Cover (m2),,
Acer rubrum,Red Maple,,,,,,,,,,,,,,,,,,,,,,,,,,,,,,,,,,,,,,,,,,,,,,,,,,,,,,,,,,,,,,,,,,,,,,,,,,,,,,,,,,,,,,,,,,,,,,,,,,,,,,,,,,,,,,,,,,,,,,,,,,,,,,,,,,,,,,,,,,,,,,,,,,,,,,,,,,,,,,,,,,,,,,,,,,,,,,,,,,,,,,,,,,,,,,,,,,,,,,,,,,,,,,,,,,,,,,,,,,,,,,,,,,,,,,,,,,,,,,,,,,,,,,,,2,0.01,1,0.005,,,,,,,,,,,,,,,,,,,,,,,1.000,0.005,,,,,,,,,,,,,,,,,,,,,,,,
Acer saccharum,Sugar Maple,,,,,,,,1,5,243,47,184,79,254,132,,,,,,,,,,,,,,,,,,,,,,6,0.06,,,198,1.65,49,0.85,187,1.7,87,0.8,103,1.15,,,,,,,,,3,214,45,208,92,98,11,,,15,0.21,15,0.0155,4,0.09,,,4,0.025,9,0.035,2,0.01,5,0.01,7,0.015,5,0.015,,,12,0.405,14,0.235,6,0.01,4,0.025,1,0.05,6,0.04,1,0.01,,,,,69,0.17,135,0.35,105,0.31,,,3,0.015,,,,,3,0.01,,,6,0.05,46,1,,,2,0.02,6,0.02,,,,,,,23,0.055,180,0.38,,,1,0.005,3,0.005,17,0.035,5,0.01,41,0.08,1,0.005,,,3,0.01,2,0.005,932,1.48,1032,1.85,1391,1.85,,,,,,,2,0.02,4,0.01,,,,,,,,,,,12,0.05,2,0.01,4,0.02,,,9,0.02,8,0.04,7,0.03,73,0.42,1,0.01,42,0.07,78,0.15,,,21,0.045,47,0.085,,,,,19,0.025,18,0.025,3,0.01,2,0.01,5,0.01,11,0.02,,,2,0.005,1,0.005,12,0.03,,,2,0.01,1,0.01,7,0.04,2,0.020,3,0.010,9.00,0.06,5.00,0.025,,,18.00,0.07,9.00,0.03,32.00,0.05,1,0.010,7,0.040,256,0.54,383,0.97,307,1.88,,,,,1.000,0.005,7.000,0.020,1.000,0.005,26.000,0.020,19.000,0.020,3.000,0.010,1.000,0.005,,,,
Acer sp.,Maple sp. ,243,351,71,130,208,168,121,,,,,,,,,12,35,22,3,45,16,,3,0.01,,,5,0.16,,,3,0.045,,,1,0.005,,,,,,,,,,,,,,,64,37,30,30,133,94,240,,,,,,,,,,1,,,,,,,,,,,,,,,,,,,,,,,,,,,,,,,,,,,,,,,,,,,,,,,,,,,,,,,,,,,,,,,,,,,,,,,,,,,,,,,,,,,,,,,,,,,,,,,,,,,,,,,,,,,,,,,,,,,,,,,,,,,,,,,,,,,,,,,,,,,,,,,,,,,,,,,,,,,,,,,,,,,,,,,,,,,,,,,,,,,,,,,,,,,,,,,,,,,,,,,,,,,,,,,,,,,,,,,,,,,,,,,,,,,,,,,,
Actaea pachypoda,White baneberry,,,,,,1,,,,,,,,,,,,,,,1,,,,,,,,,,,,,,,,,,,,,,,,,,,,,,,,,,,1,,,,,,,,,,,,,,,,,,,,,,,,,,,,,,,,,,,,,,,,,,,,,,,,,,,,,,,,,,,,,,,,,,,,,,,,,,,,,,,,,,,,,,,,,,,,,,,,,,,,,,,,,,,,,,,,,,,,,,,,,,,,,,,,,,,,,,,,,,,,,,,,,,,,,,,,,,,,,,,,,,,,,,,,,,,,,,,,,,,,,,,,,,,,,,,,,,,,,,,,,,,,,,,,,,,,,,,,,,,,,,,,,,,,,,,,,,,,,,,,,,,
Actaea rubra,Red Baneberry,,,,,,,,,,,,,,,,,,,,,,,,,,,,,,,,,,,,,,,,,,,,,,,,,,,,,,,,,,,,,,,,,,,,,,,,,,,,,,,,,,,,,,,,,,,,,,,,,,,,,,,,,,,,,,,,,,,,,,,,,,,,,,4,0.08,,,,,,,,,,,,,,,,,,,,,,,,,,,,,,,,,,,,,,,,,,,,,,,,,,,,,,,,,,,,,,,,,,,,,,,,,,,,,,,,,,,,,,,,,,,,,,,,,,,,,1,0.05,,,,,,,,,,,,,,,,,,,,,,,,,,,,,,,,,,,,,,,,,,,,,,,,,,,,,,,,,,,,,,,,,,,,,,
Actaea sp.,Baneberry sp.,,,,,,,,,,,,1,,,,,,,,,,,,,,,,,,,,,,,,,,,,,,,,,,,,,,,,,,,,,,,,,,,,,,1,,,,,,,,,,,,,,,,,,,,1,0.05,,,,,,,,,,,,,,,,,1,0.01,,,,,,,,,,,,,,,,,,,,,,,,,,,,,,,,,,,,,,,,,,,,,,,,,,,,,,,,,,,,,,,,,,,,,,,,,,,,,,,,,,,,,,,,,,,,,,,,,,,,,,,,,,,,,,,,,,,,,,,,,,,,,,,,,,,,,,,,,,,,,,,,,,,,,,,,,,,,,,,,,1.000,0.020,,,,,,,,,,,,,,,,,,,,,,,,,,,,,,,,
Ageratina altissima,White Snakeroot,,,,,,,,,,,,,,,,,,,,,,,,,,,,,,,,,,,,,,,,,,,,,,,,,,,,,,,,,,,,,,,,,,,,,,,,,,,,,,,,,,,,,,,,,,,,,,,,,,,,,,,,,,,,,,,,,,,,,,,,,,,,,,,,,,,,,,,,,,,,,,,,,,,,,,,,,,,,,,,,,,,,,,,,,,,,,,,,,,,,,,,,,,,,,,,,,,,,,,,,,,,,,,,,,,,,,,,,,,,,,,,,,,,,,,,,3,0.01,,,,,,,,,,,,,,,,,47,0.165,,,,,,,,,,,,,,,,,,,,,,,,,,,,,,,,,,,,,,,,,,,,,,,,
Alliaria petiolata,Garlic Mustard,255,236,30,88,160,156,333,,,12,,,1,30,1,645,1146,126,145,783,1041,1425,,,,,,,,,,,17,0.25,,,,,,,80,0.27,16,0.025,,,,,,,145,249,3,3,20,62,276,,,29,8,5,1,,,,,,,,,193,0.305,51,0.16,,,,,,,,,,,,,,,,,,,,,64,0.2,,,,,,,1,0.005,22,0.025,34,0.01,,,11,0.05,,,,,,,,,36,0.04,,,497,0.99,80,0.065,76,0.045,316,0.71,,,,,198,0.02,110,0.02,,,,,,,5,0.005,1266,0.245,5000,0.65,402,0.155,689,0.125,86,0.06,7700,1.28,,,43,0.01,37,0.04,,,28,0.03,1,,,,,,,,,,,,,,,,,,,,,,,,,,,,,,1,0.01,1,0.01,,,,,,,,,5,0.005,,,,,201,0.13,17,0.035,34,0.02,,,216,0.045,1189,0.32,970,0.26,47,0.025,74,0.025,450,0.24,776,0.225,183,0.1,6,0.01,1968,0.52,1,0.005,38,0.125,,,,,,,,,,,,,,,,,,,,,128,0.07,160,0.045,217,0.06,,,,,,,,,,,1.000,0.005,,,,,,,,,,
Allium tricoccum,Wild Leek,,,,,,,,,,,,,,,,,,,,,,,,,,,,,,,,,,,,,,,,,,,,,,,,,,,,,,,,,,,,,,,,,,,,,,,,,,,,,,79,0.3,124,0.5,,,,,,,,,,,,,28,0.1,6,0.035,9,0.04,,,,,27,0.2,25,0.1,,,,,,,,,136,0.7,243,1.35,,,1,0.005,4,0.015,,,,,,,,,,,,,,,,,,,,,,,,,,,,,,,,,,,,,32,0.16,36,0.13,,,,,,,,,,,,,,,,,,,,,,,,,,,,,24,0.13,,,,,,,,,,,,,,,,,,,,,,,,,,,,,15,0.11,73,0.24,,,,,,,,,,,,,,,,,,,,,39,0.12,9,0.04,,,,,,,114.000,0.605,264.000,1.155,,,,,,,,,,,,,,,,,,,,,,,,,,,,,,,,,,,,,,
Amelanchier sp.,Serviceberry,,,,,,,,,,,,,,,,,,,,,,,,,,,,,,,,,,,,,,,,,,,,,,,,,,,,,,,,,,,,,,,,,,,,,,,,,,,,,,,,,,,,,,,,,,,,,,,,,,,,,,,,,,,,,,,,,,,,,,,,,,,,,,,,,,,,,,,,,,,,,,,,,,,,,,,,,,,,,,,,,,,,,,,,,,,,,,,,,,,,,,,,,,,,,,,,,,,,,,,,,,,,,,,,,,,,,,,,,,,,,,,,,,,,,,,,,,3,0.01,,,,,,,,,,,,,,,,,,,,,,,,,,,,,,,,,,,,,,,,,,,,,,,,,,,,,,,,,,,,,,,,
Anemone acutiloba,Sharp-Lobed Hepatica,,,,,,,,,,,,,,,,,,,,,,,,,,,,,,,,,,,,,,,,,,,,,,,,,,,,,,,,,,,,,,,,,,,,,,,,,,,,,,,,,,,,,,,,,,,,,,,,23,0.2,24,0.22,,,,,,,,,,,,,,,,,,,,,,,21,0.09,18,0.1,,,,,,,,,,,,,,,,,,,,,,,,,,,,,,,,,,,,,,,,,,,,,,,,,,,,,,,,,,,,,,,,,,,,,,,,,,,,,,,,,,,,,,,,,,,,,,,,,,,,,,,,,,,,,,,,,,,,,,,,,,,,,,,,,,,,,,,,,,,,,,,,,,,,,,,,,,,,,,,,,,,,,,,,,,,,,,
Anemone quinquefolia ,Wood Anemone,,,,,,,,,,,,,,,,,,,,,,,,,,,,,,,,,,,,,,,,,,,,,,,,,,,,,,,,,,,,,,,,,,,,,,,,,,,,,,,,,,,,,,,,,,,,,,,,,,,,,,,,,,,,,,,,,,,,,,,,,,,,,,20,0.05,,,,,,,,,,,,,,,,,,,,,1,0.005,31,0.04,,,30,0.04,14,0.02,,,,,,,,,,,,,,,,,,,,,,,,,,,,,,,,,,,,,,,,,,,,,,,,,,,,,,,,,,,,,,,,,,,,,,,28,0.08,31,0.03,,,15,0.01,,,,,51,0.04,10,0.02,,,,,,,11,0.025,,,3,0.010,,,,,,,,,,,,,,,,,,,,,,,,,,,,,,,,,,,,,,,,,,,,
Apocynum androsaemifolium,Spreading Dog Bane,,,,,,,,,,,,,,,,,,,,,,,,,,,,,,,,,,,,,,,,,,,,,,,,,,,,,,,,,,,,,,,,,3,,,,,,,,,,,,,,,,,,,,,,,,,,,,,,,,,,,,,,,,,,,,,,,,,,,,,,,,,,,,,,,,,,,,,,,,,,,,,,,,,,,,,,,,,,,,,,,,,,,,,,,,,,,,,,,,,,,,,,,,,,,,,,,,,,,,,,,,,,,,,,,,,,,,,,,,,,,,,,,,,,,,,,,,,,,,,,,,,,,,,,,,,,,,,,,,,,,,,,,,,,,,,,,,,,,,,,,,,,,,,,,,,,,,,,,,,,
Aralia nudicaulis,Sarsaparilla,,,2,,,,,,,,,,,,,,,1,,,,,,,,,,,,,,,,,,,,,,,,,,,,,,,,,,,,,,,,,,,,,,,,,,,,,,,,,,,,,,,,,,,,,,,,,,,,,,,,,,,,,,,,,,,,,,,,,,,,,,,,,,,,,,,,,,,,,,,,,,,,,,,,,,,,,,,,,,,,,,,,,,,,,,,,,,,,,,,,,,,,,,,,,,,,,,,,,,,,,,,,,,,,,,,,,,,,,,,,,,,,,,,,,,,,,,,,,,,,,,,,,,,,,,,,,,,,,,,,,,,,,,,,,,,,,,,,,,,,,,,,,,,,,,,,,,,,,,,,,
Arisaemaÿtriphyllumÿ,Jack-in-the-pulpit,1,6,10,,,,,4,4,3,26,66,5,,2,,9,14,8,,,,,,1,0.01,19,0.21,,,4,0.045,1,0.02,,,5,0.04,2,0.01,4,0.045,21,0.155,52,0.36,5,0.04,1,0.005,1,16,4,10,,,,1,7,,16,57,5,3,18,17,21,1,0.005,,,6,0.03,30,0.1,13,0.03,31,0.075,25,0.06,11,0.055,26,0.095,16,0.03,21,0.045,5,0.025,13,0.075,16,0.07,19,0.0165,24,0.2,11,0.025,,,11,0.04,25,0.06,21,0.06,7,0.025,6,0.03,12,0.035,16,0.045,22,0.02,13,0.055,17,0.065,32,0.155,41,0.08,14,0.03,,,1,0.01,1,0.005,1,0.005,,,,,18,0.03,10,0.02,1,0.005,,,,,,,,,,,,,,,,,,,24,0.075,13,0.04,11,0.02,,,,,27,0.15,3,0.01,5,0.03,,,4,0.02,2,0.03,,,15,0.03,6,0.03,9,0.04,16,0.02,,,2,0.01,3,0.03,3,0.02,,,,,3,0.005,,,1,0.005,,,3,0.01,3,0.01,20,0.06,,,5,0.015,,,,,,,,,,,1,0.005,,,,,,,,,6,0.015,18,0.05,,,,,3.000,0.030,8.000,0.025,5.000,0.010,4.000,0.020,8.00,0.030,1.000,0.010,1,0.010,,,21,0.07,3,0.01,4,0.025,,,,,,,,,,,,,,,2.000,0.010,,,,,,
Asarum canadense,Wild Ginger,,,,,,,,,,,,,,,,,,,,,,,,,,,,,,,,,,,,,,,,,,,,,,,,,,,,,,,,,,,,,,,,,,,,,,,,,,,,,,,,,,,,,,,,,,,,,,,,,,,,,,,,,,,,,,,,,,,,,,,,,,,,,,,,,,,,,,,,,,,,,,,,,,,,,,,,,,,,,,,,,,,,,,,,,,,,,,,,,,,,,,,,,,,,,,,,,,,,,,11,0.02,,,,,,,,,,,,,,,,,,,,,,,,,,,,,,,,,,,,,,,,,,,,,,,,,,,,,,,,,,,,,,,,,,,,,,,,,,,,,,,,,,,,,,,,,,,,,,,,,,,,
Asclepias exaltata,Poke Milkweed,,,,,,,,,1,,,,,,,,,,,,,,,,,,,,,,,,,,,,,,,,,,,,,,,,,,,,,,,,,,,,,,,,,,,,,,,,,,,,,,,,,,,,,,,,,,,,,,,,,,,,,,,,,,,,,,,,,,,,,,,,,,,,,,,,,,,,,,,,,,,,,,,,,,,,,,,,,,,,,,,,,,,,,,,,,,,,,,,,,,,,,,,,,,,,,,,,,,,,,,,,,,,,,,,,,,,,,,,,,,,,,,,,,,,,,,,,,,,,,,,,,,,,,,,,,,,,,,,,,,,,,,,,,,,,,,,,,,,,,,,,,,,,,,,,,,,,,,,,,,
Aster sp. ,Aster sp.,,,,,,,,,,,,,,,,,,,,,,,,,,,,,,,,,,,,,,,,,,,,,,,,,,,,,,,,,,,,,,,,,,,,,,,,,,,,,,,,,,,,2,0.01,,,,,,,,,,,,,,,,,,,,,,,,,,,,,,,,,,,,,,,,,,,,,,,,,,,,,,,,,,,,,,,,,,,,,,,,,,,,,,,,,,,,,,,,,,,,,,,,,,,,,,,,,,,,,,,,,,,,,,,,,,,,,,,,,,,,,,,,,,,,,,,,,,,,,,,,,,,,,,,,,,,,,,,,,,,,,,,,,,,,,,,,,,,,,,,,,,,,,,,,,,,,,,,,,,,,,,
Athyrium sp.,Lady Fern sp.,,,,,,,,,,,,,,,,,,,,,,,,,,,,,,,,,,,,,,,,,,,,,,,,,,,,,,,,,,,,,,,,,,,4,,,,,,,,,,,,,,,,,,,,,,,,,,,,,,,,,,,,,,,,,,,,,,,,,,,,,,,,,,,,,,,,,,,,,,,,,,,,,,,,,,,,,,,,,,,,,,,,,,,,,,,,,,,,,,,,,,,,,,,,,,,,,,,,,,,,,,,,,,,,,,,,,,,,,,,,,,,,,,,,,,,,,,,,,,,,,,,,,,,,,,,,,,,,,,,,,,,,,,,,,,,,,,,,,,,,,,,,,,,,,,,,,,,,,,,,
Cardamine diphylla,Broad-leaved toothwort,,,,,,,,152,3,,,,,,,,,,,,,,,,,,,,,,,,,,,,19,0.03,247,1.15,,,,,,,,,,,,,,,,,,217,9,,,,,,3,,2,11,0.02,,,,,,,2,0.01,,,,,,,,,,,,,,,2,0.005,,,,,3,0.03,,,,,,,,,,,,,,,5,0.01,23,0.04,,,1,0.005,,,1,0.005,,,,,,,,,12,0.015,,,,,,,,,,,,,,,,,,,,,,,,,,,,,,,,,,,,,,,,,,,,,,,,,,,,,,,,,,,,,,,,,29,0.1,6,0.02,16,0.04,3,0.005,,,,,,,57,0.125,8,0.04,3,0.01,,,,,1,0.005,7,0.02,,,,,,,,,,,,,,,,,,,,,,,,,16,0.060,,,2.000,0.020,22.000,0.080,,,1.000,0.010,,,,,,,,,,,,,,,,,,,,,,,,,,,,,,,,,,,,
Cardamine douglassii,Pink Spring Cress,,,,,,,,,,,,,,,,,,,,,,,,,,,,,,,,,,,,,,,,,,,,,,,,,,,,,,,,,,,,,,,,,,,,,,,,,,,,,,,,,,,,,,,,,,,,,,,,,,,,,,,,,,,,,,,,,,,,,,,,,,,,,,,,,,,,,,9,0.03,,,,,,,,,,,,,,,,,,,,,,,,,,,,,,,,,,,,,,,,,,,,,,,,,,,,,,,,,,,,,,,,,,,,,,,,,,,,,,,,,,,,,,,,,,,,,,,,,,,,,,,,,,,,,,,,,,,,,6,0.060,,,,,,,,,,,,,,,,,,,,,,,,,,,,,,,,,,,,,,,,,,,,,,
Carex arctata,Compressed Sedge,,,,,,,,,,,,,,,,,,,,,,,,,,,,,,,,,,,,,,,,,,,,,,,,,,,,,,,,,,,,,,,,,,,,,,,,,,,,,,,,,,,,,,,,,,,,,,,,,,,,,,,,,,,,,,,,,,,,,,32,0.45,,,,,,,,,,,,,,,,,,,,,,,,,,,,,,,,,,,,,,,,,,,,,,,,,,,,,,,,,,,,,,,,,,,,,,,,,,,,,,,,,,,,,,,,,,,,,,,,,,,,,,,,,,,,,,,,,,,,,,,,,,,,,,,,,,,,,,,,,,,,,,,,,,,,,,,,,,,,,,,,,,,,,,,,,,,,,,,,,,,,
Carex communis,Common Sedge,,,,,,,,,,,,,,,,,,,,,,,,,,,,,,,,,,,,,,,,,,,,,,,,,,,,,,,,,,,,,,,,,,,,,,,,,,,,,,,,,,,,,,,,,,,,,,,,,,,,,,,,,,,,,,,,,,3,0.25,,,,,,,,,,,,,,,,,,,,,,,,,,,,,,,,,,,,,,,,,,,,,,,,,,,,,,,,,,,,,,,,,,,,,,,,,,,,,,,,,,,,,,,,,,,,,,,,,,,,,,,,,,,,,,,,,,,,,,,,,,,,,,,,,,,,,,,,,,,,,,,,,,,,,,,,,,,,,,,,,,,,,,,,,,,,,,,,,,,,,,,,
Carex deweyana,Dewey's Sedge,,,,,,,,,,,,,,,,,,,,,,,,,,,,,,,,,,,,,,,,,,,,,,,,,,,,,,,,,,,,,,,,,,,,,,,,,,,,,,,,,,,,,,,,,,,,,,,,,,,,,,,,,,,,,,,,,,,,,,,,,,,,,,,,,,,,,,,,,,1,0.005,,,,,,,,,,,,,,,,,,,,,,,,,,,,,,,,,,,,,,,,,,,,,,,,,,,,,,,,,,,,,,,,,,,,,,,,,,,,,,,,,,,,,,,,,,,,,,,,,,,,,,,,,,,,,,,,,,,,,,,,,,,,,,,,,,,,,,,,,,,,,,,,,,,,,,,,,,,,,,,,
Carex gracillima,Graceful Sedge,,,,,,,,,,,,,,,,,,,,,,,,,,,,,,,,,,,,,,,,,,,,,,,,,,,,,,,,,,,,,,,,,,,,,,,,,,,,,,,,,,,,,,,,,,,,6,0.2,,,,,,,,,,,,,,,,,,,,,,,,,,,,,,,,,,,,,,,,,,,,,,,,,,,,,,,,,,,,,,,,,,,,,,,,,,,,,,,,,,,,,,,,,,,,,,,,,,,,,,,,,,,,,,,,,,,,,,,,,,,,,,,,,,,,,,,,,,,,,,,,,,,,,,,,,,,,,,,,,,,,,,,,,,,,,,,,,,,,,,,,,,,,,,,,,,,,,,,,,,,,,,
Carex laxiflora,Loose-flowered Sedge,,,,,,,,,,,,,,,,,,,,,,,,,,,,,,,,,,,,,,,,,,,,,,,,,,,,,,,,,,,,,,,,,,,,,,,,,,,,,,,,,,,,,,,,,,,,,,,,,,,,,,,,,,,,,,,,,,,,,,,,,,,,,,,,5,0.04,,,,,,,,,,,,,,,,,,,,,,,,,,,,,,,,,,,,,,,,,,,,,,,,,,,,,,,,,,,,,,,,,,,,,,,,,,,,,,,,,,,,,,,,,,,,,,,,,,,8,0.03,,,,,,,,,,,,,,,,,,,,,,,,,,,,,,,,,,,,,,,,,,,,,,,,,,,,,,,,,,,,,,,,,,,,,,
Carex pedunculata,Long-stalked Sedge,,,,,,,,,,,,,,,,,,,,,,,,,,,,,,,,,,,,,,,,,,,,,,,,,,,,,,,,,,,,,,,,,,,,,,,,,,,,8,0.05,5,0.08,,,,,,,,,,,,,,,,,,,,,,,,,4,0.04,,,,,,,,,12,0.1,9,0.23,19,0.35,,,,,,,,,,,,,,,,,,,,,,,,,,,,,,,,,,,,,,,,,,,4,0.04,,,,,,,,,,,,,,,,,,,,,,,,,,,,,,,3,0.03,,,,,,,,,,,,,,,,,,,,,,,,,,,,,,,,,,,,,,,,,,,,,,,,,,,,,6,0.04,,,,,,,,,,,,,,,,,,,,,,,,,,,,,,,,,,,,,,,,,,,,,,,,,,
Carex pensylvanica,Pennsylvania Sedge,,,,,,,,,,,,,,,,,,,,,,,,,,,,,,,,,,,,,,,,,,,,,,,,,,,,,,,,,,,,,,,,,,,,,,,,,,,,5,0.105,,,21,0.2,,,,,,,,,,,,,,,,,,,21,0.205,13,0.25,,,,,,,,,,,,,,,,,,,,,,,,,,,,,,,,,,,,,,,,,,,,,,,,,,,,,,,46,0.15,,,,,,,,,,,,,,,,,,,,,,,,,,,,,,,,,,,,,,,,,,,,,,,,,,,,,,,,,,,,,,,,,,,,,,,,,,,,,2,0.01,,,,,,,55,0.1,,,1,0.005,,,,,,,,,,,,,,,,,,,,,,,,,,,,,,,,,,,,,,,,,,,,,,,,,,
Carex platyphylla,Broadleaf Sedge,,,,,,,,,,2,,,,,,,,,,,,,,,,,,,,,,,,,,,,,,,2,0.05,,,,,,,,,,,,,,,,,,,,,,,,,,,,,,,,,,,,,,,,,,,,,,,,,,,,,,,,,,,,,,,,,,,,,,,,,,,,,,,,,,,,,,,,,,,,,,,,,,,,,,,,,,,,,,,,,,,,,,,,,,,,,,,,,,,,,,,,,,,,,,,,,,,,,,,,,,,,,,,,,,,,,,,,,,,,,,,,,,,,,,,,,,,,,,,,,,,,,,,,,,,,,,,,,,,,,,,,,,,,,,,,,,,,,,,,,,,,,,,,,,,,,,,,,,,,,,,,,
Carex sp.,Sedge sp.,,,,,,,1,,,,,3,,,,,,1,,,1,,,,,,,,,,,,,,,,,,,,,,,,3,0.09,,,,,,,,,,1,,,,3,,2,,,57,4,,,,3,0.05,,,,,2,0.1,4,0.05,12,0.2,,,,,,,,,6,0.01,24,0.5,5,0.04,6,0.085,10,0.1,3,0.005,1,0.05,1,0.005,11,0.045,,,,,,,2,0.005,,,,,,,1,0.005,,,15,0.005,1,0.01,,,,,,,3,0.005,,,,,,,,,,,,,,,,,,,,,1,0.005,,,,,,,,,,,,,,,,,,,,,,,,,,,,,,,,,,,,,10,0.02,1,0.04,,,,,,,1,0.005,,,,,2,0.03,,,,,,,,,,,2,0.03,2,0.02,,,,,,,3,0.04,1,0.005,,,,,,,1,0.005,,,,,,,3,0.150,,,17.000,0.450,14.000,0.350,70.000,0.500,,,,,1.000,0.020,,,13,0.050,,,,,1,0.01,,,,,,,,,,,,,,,,,,,,,,
Carex sp. 1,Sedge sp.,,,,,,,,,,,,,,,,,,,,,,,,,,,,,,,,,,,,,,,,,,,,,,,,,,,,,,,,,,,,,,,,,,,,,,,,,,,,,,,,,,,,,,,,,,,,,,,,,,,,,,,,16,0.06,,,,,,,,,,,,,,,,,,,,,,,,,,,,,,,,,,,,,,,,,,,,,,,,,,,,,,,,,,,,,,,,,,,,,,,,,,,,,,,,,,,,,,,,,,,,,,,,,,,,,,,,,,,,,,,,,,,,,,,1,0.005,,,,,,,,,,,,,,,,,,,,,,,,,,,,,,,,,,,,,,,,,,,,,,,,,,,,,,,,,,,,,,,,,,,,,,,,,,
Carpinus caroliniana,Blue Beech,,,,,,,,,1,,,,,,,,,,,,,,,,,,,,,,,,,,,,1,0.03,,,,,,,,,,,,,,,,,,,,,3,,,,,,,2,,,,,,,,,,,,,,,,,,,,,,,,,,,,,,,,,,,,3,0.01,,,,,,,,,,,,,,,,,,,,,,,,,,,,,,,2,0.01,,,,,,,,,,,,,1,0.005,,,,,,,,,,,,,,,,,,,,,,,,,,,,,,,,,,,,,,,,,,,,,,,,,,,,,,,,,,,,,,,,,,,,,,,,,,,,,,,,,,,,,,,,,,,,,,,,,,,,,,,,,,,,,,,,,,,,,,,,,,,,,,,,,,,,,,,,,,,,,,,,,,,,,,
Carya cordiformis,Bitternut Hickory,,,,1,,,,,,,,,,,,,,,,,,,,,,,,,,,,,,,,,,,,,,,,,,,,,,,,,,,,,,,,,,,,,,,,,,,,,,,,,,,,,,,,,,,,,,,,,,,,1,0.03,2,0.03,,,,,,,1,0.005,1,0.005,1,0.005,,,,,,,,,,,,,2,0.03,,,,,,,,,,,,,,,,,,,,,,,,,,,,,,,,,,,,,,,,,1,0.005,,,,,,,,,,,,,,,,,,,,,,,,,,,,,,,,,,,,,,,,,,,,,,,,,,,,,,,,,,,,,,,,,,,,,,,,,,,,,,,,,,,,,,,,,,,,,,,,,,,,,,,,,,,,,,,,,,,,,,,,,,,,,,,,,,,,
Carya ovata,Shagbark Hickory,,,,,,,,,,,,,,,,,,,,,,,,,,,,,,,,,,,,,,,,,,,,,,,,,,,,,,,,,,,,,,,,,,1,,,,,,,,,,,,,,,,,,,,,,,,,,,,,,,,,,,,,,,,,,,,,,,,,,,,,,,,,,,,2,0.01,,,,,,,,,,,,,,,,,,,,,,,,,,,,,,,,,,,,,,,,,,,,,,,,,,,,,,,,,,,,,,,,,,,,,,,,,,,,,,,,,,,,,,,,,,,,,,,,,,,,,,,,,,,,,,,,,,,,,,,,,,,,,,,,,,,,,,,,,,,,,,,,,,,,,,,,,,,,,,,,,,,,,,,,,,,,
Carya sp.,,,,,,,,,,,,,,,,,,,,,,,,,,,,,,,,,,,,,,,,,,,,,,,,,,,,,,,,,,,,,,,,,,,,,,,,,,,,,,,,,,,,,,,,,,,,,,,,,,,,,,,,,,,,,,,,,,,,,,,,,,,,,,,,,,,,,,,,,,,,,,,,,,,,,,,,,,,,,,,,,,,,,,,,,,,,,,,,,,,,,,,,,,,,,,,,,,,,,,,,,,,,,,,,,,,,,,,,,,,,,,,,,,,,,,,,,,,,,,,,,,,,,,,,,,,,,,,,,,,,,,,,,,,,,,,1,0.010,,,,,,,,,,,,,,,,,,,,,,,,,,,,
Caulophyllum thalictroides,Blue Cohosh,,,,,,,,,,,,,,,,,,,,,,,,,,,,,,,,,,,,,,,,,,,,,,,,,,,,,,,,,,,,,,,,,,,,,,,,,,,,,,37,0.85,18,0.43,16,0.35,,,3,0.08,,,,,2,0.03,2,0.01,43,0.855,3,0.15,,,,,,,,,,,,,,,1,0.01,42,1.15,23,0.505,14,0.35,,,,,7,0.28,,,,,,,,,,,,,,,,,,,,,,,,,,,,,,,,,,,,,,,,,,,,,,,,,,,,,,,,,,,,,,,,,2,0.01,8,0.03,,,,,,,,,,,,,,,,,,,13,0.69,,,,,,,,,44,0.5,3,0.06,8,0.125,,,,,,,,,,,,,,,,,,,,,4,0.03,,,,,1.000,0.010,55.000,0.750,33.000,0.440,5.000,0.110,,,1.000,0.010,,,,,,,,,,,,,,,,,,,,,,,,,,,,,,,,
Circaea lutetiana,Enchanters Nightshade,,,,,,,,,,,,1,,,,,,,,,,,,,,,,,,,,,,,,,,,,,,,,,2,0.05,,,,,,,,,,,,,,,3,6,,,,,,2,0.01,1,0.005,,,8,0.05,,,,,16,0.05,,,7,0.05,,,1,0.005,2,0.01,51,0.21,18,0.045,,,,,,,,,,,,,,,,,,,,,2,0.005,16,0.01,,,46,0.21,1,0.005,2,0.005,1,0.005,,,,,,,,,,,,,1,0.005,,,,,,,,,,,,,,,,,,,5,0.005,,,,,,,,,,,,,,,,,,,,,,,,,,,,,39,0.1,11,0.04,,,,,,,,,,,,,,,,,,,,,,,,,,,12,0.02,25,0.025,8,0.005,,,3,0.005,2,0.005,,,,,,,,,,,,,,,17,0.03,20,0.065,,,,,,,,,,,9.000,0.020,5.00,0.010,1.000,0.010,,,,,,,1,0.01,,,,,,,,,,,,,,,,,,,,,,,,
Claytonia sp.,Spring Beauty sp.,,,,,,,,,,,,,,,,,,,,,,,,,,,,,,,,,,,,,,,,,,,,,,,,,,,,,,,,,,,,,,,,,,,,,,,,,,,,,,,,,,,,,,,,13,0.01,1,0.01,,,,,,,7,0.01,,,,,,,,,,,,,,,,,,,,,,,,,,,,,,,,,,,,,,,,,,,,,,,,,,,,,,,,,,,,,,,,,,,,,,,,,,,,,,,,,,,,,,,,,,,,,,,,,,,,,,,,,,,,,,,,,,,,,,,,,,,,,,,,,,,,,,,,,,,,,,,,,,,,,,,,,,,,,,,,,,,,,,,,,,,,,,,,,,,,,,,,,,,,,,,,,,,,,,,,
Claytonia virginica,Spring Beauty,,,,,,,,,,,,,,,,,,,,,,,,,,,,,,,,,,,,,,,,,,,,,,,,,,,,,,,,,,,,,,,,,,,,,,,,,,,,,,,,,,,,,,,,,,,,,,,,,,,,,,,,,,,,,,,,,,,,,,,,,,,,,,,,,,,,,,470,0.205,150,0.08,,,,,,,,,119,0.05,94,0.05,11,0.02,,,,,,,19,0.015,,,,,,,,,,,,,,,,,,,,,,,,,,,,,,,,,,,,,,,,,,,,,,,,,,,,,,,,,,,,,,,,,,,,,,,29,0.02,,,,,,,,,,,,,11,0.005,,,,,1,0.005,466,0.270,318,0.165,,,,,,,,,,,,,233,0.200,99,0.050,,,,,,,,,,,,,,,,,,,,,,,,,,,,
Clinopodium vulgare,Wild Basil,,,,,,,,,,,,,,,,,,,,,,,,,,,,,,,,,,,,,,,,,,,,,,,,,,,,,,,,,,,,,,,,,,,,,,,,,,,,,,,,,,,,,,,,,,,,,,,,,,,,,,,,,,,,,,,,,,,,,,,,,,,,,,,,,,,,,,,,,,,,,,,,,,,,,,,,,,,,,,,,,,,,,,,,,,,,,,,,,,,,,,,,,,,,,,,,,,,,,,9,0.01,,,,,,,,,,,,,,,,,,,,,,,,,,,,,,,,,,,,,,,,,,,,,,,,,,,,,,,,,,,,,,,,,,,,,,,,,,,,,,,,,,,,,,,,,,,,,,,,,,,,
Cornus alternifolia,Alternate-leaved Dogwood,,,,,,,,,,,2,,,,,,,,,,,,,,,,,,,,,,,,,,,,,,,,2,0.2,,,,,,,,,,,,,,,,,3,,,,,1,,,,21,0.15,4,0.5,,,1,0.005,,,,,,,,,,,,,,,,,,,9,0.7,5,0.505,,,,,1,0.05,,,,,,,,,,,,,,,,,,,3,0.02,,,,,,,,,,,,,,,,,1,0.005,,,,,,,,,,,,,,,,,,,,,,,,,,,,,1,0.01,,,,,,,,,,,,,,,,,,,,,2,0.02,5,0.07,,,,,,,,,,,,,,,,,,,,,,,,,,,3,0.01,2,0.01,,,,,,,,,,,,,,,,,,,,,,,,,,,,,13.000,0.110,,,1.000,0.010,,,,,,,,,,,,,,,,,,,,,,,,,,,,,,,,,,,,,,
Cornus sp.,Dogwood,,,,,,,,,,,,,,,,,,,,,,,,,,,,,,,,,,,,,,,,,,,,,,,,,,,,,,,,,,,,,,,,,,,,,,,,,,,,,,,,,,,,,,,,,,,,,,,,,,,,,,,,,,,,,,,,,,,,,,,,,,,,,,,,,,,,,,,,,,,,,,,,,,,,,,,,,,,,,,,,,,,,,,,,,,,,,,,,,,,,,,,,,,,,,,,,,,,,,,,,,,,,,,,,,,,,,,1,0.005,,,,,,,,,,,,,,,,,,,,,,,,,,,,,,,,,,,,,,,,,,,,,,,,,,,,,,,,,,,,,,,,,,,,,,,,,,,,,,,,,,,,
Cornus stolonifera,Red-osier Dogwood,,,,,,,,,,,,,,,,,,,,,,,,,,,,,,,,,,,,,,,,,,,,,,,,,,,,,,,,,,,,,,,,,,,,,,,,,,,,,,,,,,,,,,,,,,,,,,,,,,,,,,,,,,,,,,,,,,,,,,,,,,,,,,,,,,,,,,2,0.005,,,,,,,,,,,,,,,,,,,,,,,,,,,,,,,,,,,,,,,,,,,,,,,,,,,,,,,,,,,,,,,,,,,,,,,,,,,,,,,,,,,,,,,,,,,,,,,,,,,,,,,,,,,,,,,,,,,,,,,,,,,,,,,,,,,,,,,,,,,,,,,,,,,,,,,,,,,,,,,,,,,,
Crataegus sp.,Hawthorn sp.,,,,,,,,,,,,,,,,,,,,,,,,,,,,,,,,,,,,,,,,,,,,,,,,,,,,,,,,,,,,,,,,,,,,,,,,,,,,,,,,,,,,,,,,,,,,,,,,,,,,4,0.005,,,,,,,,,,,,,,,,,,,,,,,,,,,,,,,,,,,,,,,,,,,,,,,,,,,,,,,,,,,,,,,,,,,,,,,,,,,,,,,,,,,,,,,,,,,,,,,1,0.01,,,,,,,,,,,,,,,,,,,,,,,,,,,,,,,,,,,,,,,,,,,,,,,,,,,,,,,,,,,,,,,,,,,,,,,,,,,,,,,,,,,,,,,,,,,,,,,,,,,,,,
Cystoptersis fragilis,Fragile Fern,,,,,,,,,,,,,,,,,,,,,,,,,,,,,,,,,,,,,,,,,,,,,,,,,,,,,,,,,,,,,,,,,,,,,,4,0.02,,,,,,,,,,,,,,,,,,,,,,,,,,,,,,,,,,,,,,,,,,,,,,,,,,,,,,,,,,,,,,,,,,,,,,,,,,,,,,,,,,,,,,,,,,,,,,,,,,,,,,,,,,,,,,,,,,,,,,,,,,,,,,,,,,,,,,,,,,,,,,,,,,,,,,,,,,,,,,,,,,,,,,,,,,,,,,,,,,,,,,,,,,,,,,,,,,,,,,,,,,,,,,,,,,,,,,,,,,,,,,,,,,,,
Cardamine lanciniata,Cut-leaved toothwort,,,,,,,,,,,,,,,,,,,,,,30,,,,,,,,,,,,,,,,,,,,,,,,,,,,,,,,,,,47,,,,,,,,,,,,,,,,,,,,,,,,,,,,,,,,,,,,,,,,,,,,,,,,,,,,,,,,,,,,,,,,,,,,,,,,,,,,,,,,,,,,,,,,,,,,,,,,,,,,,,,,,,,,,,,,,,,,,,,,,,,,,,,,,,,,,,,,,,,,,,,,,,,,,,,,,,,,,,,,,,,,,,,,,,,,,,,,,,,,,,,,,,,,,,,,,,,,,,,,,,,,,,,,,,,,,,,,,,,,,,,,,,,,,,,,,,,,,,,,,,
Dicentra sp.,Dutchman's Breeches/Squirrel Corn,,,,,,,,,,,,,,,,,,,,,,,,,,,,,,,,,,,,,,,,,,,,,,,,,,,,,,,,,,,,,,,,,,,,,,,,,,,,,,,,,,,,,,,,,,,,,,,,,,,,,,,,,,,,,,,,,,,,,,,,,,,,,,,,,,,,,,,,,,,,,,,,,,,,,,,,,,,,,,,,,,,,,,,,,,,,,,,,,,,,,,,,,,,,,,,,,,,,,,,,,,,,,,,,,,,,,,,,,,,,,,,,,,,,,,,,,,,,,,,,,,,,,,,,,,,,,,,,,,,,,,,,,,,,,,,,,,,,,,,,,,,,,,,,,,,,,,,,,,,
Dryopteris carthusiana,Spinulose Wood Fern,,,,,,,,,,,,,,,,,,,,,,,,,,,,,,,,,,,,,,,,,,,,,,,,,,,,,,,,,,,,,,,,,,,,,,,,,,,,,,,,,,,,3,0.02,,,,,,,,,,,,,,,,,,,,,,,,,,,,,,,1,0.01,,,,,,,,,,,,,,,,,,,,,,,,,,,,,,,,,,,,,,,,,,,,,,,,,,,,,,,,,,,,,,,,,,,,,,,,,,,,,,,,,,,,,,,,,,,,,,,,,,,,,,,,,,,,,,,,,,,,,,,,,,,,,,,,,,,,,,,,,,,,,,,,,,,,,,,,,,,,,,,,,,,,,,,,,,,,,,,,,,,,,,
Dryopteris intermedia,Intermediate Wood Fern,,,,,,,,,,,,,,,,,,,,,,,,,,,,,,,,,,,,,,,,,,,,,,,,,,,,,,,,,,,,,,,,,,,,,,,,,,,,,,,,,,,,,,,,,,,,,,,,,,,,,,,,,,,,6,0.06,8,0.025,,,,,,,,,,,,,,,,,,,,,,,,,,,,,,,2,0.03,,,,,,,,,,,,,,,,,,,,,,,6,0.42,5,0.25,,,,,,,,,,,,,,,,,,,,,,,,,,,,,,,,,,,,,,,,,,,,,,,,,,,,,,,,,,,,,,,,,,,,,,,,,,,,,,,,,,,,,,,,,,,,,,,4.00,0.020,,,,,,,7,0.415,3,0.45,1,0.005,,,,,,,,,,,,,,,,,,,,,,
Dryopteris marginalis,Marginal Wood Fern,,,,,,,,,,,,,,,,,,,,,,,,,,,,,,,,,,,,,,,,,,,,,,,,,,,,,,,,,,,,,,,,,,,3,,,,,,,,,,,,,,,,,,,,,,,,,,,,,,,,,,,,,,,,,,,,,,,,,,,,,,,,,,,,,,,,,,,,,,,,,,,,,,,,,,,,,,,,,,,,,,,,,,,,,,,,,,,,,,,,,,,,,,,,,,,,,,,,,,,,,,,,,,,,,,,,,,,,,,,,,,,,,,,,,,,,,,,,,,,,,,,,,,,,,,,,,,,,,,,,,,,,,,,,,,,,,,,,,,,,,,,,,,,,,,,,,,,,,,,,
Echinocystis lobata,Wild Cucumber,,,,,,,,,,,,,,,,,,,,,,,,,,,,,,,,,,,,,,,,,,,,,,,,,,,,,,,,,,,,,,,,,,,,,,,,,,,,,,,,,,,,,,,,,,,,,,,,,,,,,,,,,,,,,,,,,,,,,,,,,,,,,,,,,,,,,,,,,,,,,,,,,,,,,,,,,,,,,,,,,,,,,,,,,,,,,,,,,,,,,,,,,,,,,,,,,,,,,,1,0.01,,,,,,,,,,,,,,,,,,,,,,,,,,,,,,,,,,,,,,,,,,,,,,,,,,,,,,,,,,,,,,,,,,,,,,,,,,,,,,,,,,,,,,,,,,,,,,,,,,,,
Elymus hystrix,Bottlebrush Grass,,,,,,,,,,,,,,,,,,,,,,,,,,,,,,,,,,,,,,,,,,,,,,,,,,,,,,,,,,,,,,,,,,,,,,,,,,,,,,,,,,,,,,,,,,,,,,,,,,,,,,,,,,,,,,,,,,,,,,,,,,,,,,,,,,,,,,,,,,,,,,,,,,,,,,,,,,,,,,,,,,,,,,,,,,,,,,,,,,,,,,,,,,,,,,,,,,,,,,,,,,,,,,,,,,,,,,,,,,,,,,,,,,12,0.015,1,0.02,,,,,,,,,,,,,,,,,,,,,,,,,,,,,,,,,,,,,,,,,,,,,,,4,0.02,,,,,,,,,,,,,,,,,,,,,,
Epipactis helleborine,Helleborine Orchid,,,,,,,,,,,,,,,,,,,,,,,,,,,,,,,,,,,,,,,,,,,,,,,,,,,,,,,,,,,,,,,,,,,,,,,,,,,,,,,,,,,,,,,,,,,,,,,,1,0.01,,,,,,,,,,,,,,,,,,,,,,,,,,,,,,,,,2,0.005,1,0.005,,,,,,,,,1,0.005,,,,,,,,,,,,,,,,,,,,,,,,,,,,,,,,,,,,,,,,,,,,,,,,,,,,,,,,,,,,,,,,,,,,,,,,,,,,,,,,,,,,,,,,,,,,,,,,,,,,,,,,,,,,,,,,,,,,,,,,,,,,,,,,,,,,,,,,,,,,,,,,,,,,,,,,,,,,
Erythroniumÿamericanum,Trout lily,,,34,,65,29,,53,,,1,121,487,,,,,32,,25,15,3,220,0.4,39,0.18,425,1.055,156,0.41,6,0.03,5,0.015,163,0.53,3,0.01,99,0.305,150,0.325,29,0.02,1,0.005,6,0.01,79,0.225,2,,65,,90,40,,,,6,3,1,5,3,,,,162,0.205,18,0.025,126,0.11,208,0.32,124,0.13,179,0.17,81,0.08,230,0.36,101,0.075,15,0.015,276,0.48,64,0.055,129,0.19,41,0.06,2,0.005,59,0.14,721,0.62,37,0.075,184,0.43,508,0.8,,,,,,,137,0.11,143,0.11,134,0.02,344,0.6,,,,,20,0.035,287,0.28,,,6,0.015,485,0.425,373,0.27,444,0.37,158,0.22,117,0.07,48,0.03,509,0.425,300,0.33,73,0.08,91,0.135,257,0.18,125,0.11,41,0.065,5,0.015,665,0.375,851,0.53,,,,,,,11,0.03,111,0.05,4,0.01,146,0.03,251,0.14,,,56,0.03,79,0.08,161,0.11,3,0.02,250,0.17,167,0.12,48,0.02,,,7,0.02,82,0.15,192,0.31,293,0.28,,,229,0.315,224,0.31,49,0.04,53,0.085,146,0.145,208,0.15,126,0.15,47,0.04,252,0.085,137,0.195,151,0.13,48,0.105,547,0.345,,,151,0.1,301,0.185,188,0.12,112,0.065,6,0.01,429,0.29,838,0.65,407,0.420,439,0.300,91.000,0.230,149.000,0.360,85.000,0.110,160.000,0.260,135.00,0.180,45.000,0.070,451,0.740,427,0.610,,,,,,,297.000,0.170,254.000,0.180,367.000,0.260,468.000,0.310,485.000,0.310,380.000,0.330,159.000,0.180,49.000,0.070,75.000,0.065,189.000,0.120,,
Euonymusÿobovata,Running Strawberry-bush,,,,,,,,,,,1,,,,,,,,,,,,,,,,,,,,,,,,,,,,,,,,2,0.01,,,,,,,,,,,,,,,,,5,,,,Multiple Vines,5,,17,1.015,3,0.055,3,0.05,,,,,1,0.005,1,0.005,,,,,,,,,,,20,0.73,7,0.1,16,0.42,4,0.06,6,0.1,15,0.21,,,,,,,,,2,0.01,,,2,0.02,2,0.005,1,0.005,24,0.24,12,0.105,10,0.4,,,,,,,130,0.415,9,0.11,1,0.01,,,,,,,,,,,3,0.01,,,,,,,,,,,,,,,,,,,3,0.02,,,,,,,,,,,,,,,,,,,,,41,0.14,19,0.05,17,0.02,25,0.13,2,0.01,8,0.04,,,5,0.01,,,,,,,3,0.005,7,0.02,,,2,0.03,,,24,0.175,16,0.07,13,0.27,3,0.03,1,0.06,,,,,,,,,,,1,0.005,,,,,,,137,0.410,10,0.050,,,,,3.000,0.010,,,2.00,0.010,,,,,,,,,,,,0.02,,,,,,,,,,,,,,,,,,,,,,
Eurybia macrophylla,Large-leaf Aster,,,,,,,,,,,,,,,,,,,,,,,,,,,,,,,,,,,,,,,,,,,,,,,,,,,,,,,,,,,,,,,,,,,,,,,,,,,,,,,,,,,,,,,,,,,,,,,,,,,,,,,,,,,,,,,,,,,,,,,,,,,,,,,,,,,,,,,,94,0.21,,,,,,,,,,,,,,,,,,,,,,,,,,,,,,,,,,,,,,,,,,,,,,,,,,,,,,,,,,,,,,,,,,,,,,,,,,,,,,,,,,,,,,,,,,,,,,,,,,,,,,,,,,,,,,,,,,,,,,,,,,,,,,,,,,,,,,,,,,,,,,,,,,,,,,,,,,,,,,,,,,
Fagus grandifolia,American Beech,,,,,,,,,1,,,,,,,,,,,,,,,,,,,,,,,,,,1,0.08,1,0.05,,,,,,,1,0.005,,,,,,,,,,,,,2,,,2,2,,,1,,4,0.07,1,0.005,,,,,,,,,,,1,0.005,,,,,4,0.11,4,0.07,,,3,0.03,,,,,,,,,,,,,,,,,1,0.03,,,,,,,,,,,,,,,,,,,,,,,,,,,,,,,,,,,,,,,,,,,,,,,,,,,,,,,,,,,5,0.02,,,,,,,1,0.01,4,0.06,1,0.01,,,,,,,,,,,,,,,,,1,0.01,,,,,,,,,,,,,4,0.01,,,,,,,,,,,,,,,,,,,,,,,,,,,,,,,,,,,,,53,0.150,,,1.000,0.010,,,3.000,0.040,,,,,,,,,1,0.005,,,,,,,,,,,,,,,,,,,,,,,,,,
Fragaria vesca ,Woodland Strawberry,,,,,,,,,,,,,,,,,,,,,,,,,,,,,,,,,,,,,,,,,,,,,,,,,,,,,,,,,,,,,,,,,,,,,,,,,,,,,,,,,,,,,,,,,,,,,,,,,,,,2,0.005,,,,,,,,,,,,,,,,,,,,,,,,,,,,,,,,,,,,,,,,,,,,,,,,,,,,,,,,,,,,,,,,,,,,,,,,,,,,,,,,,,,,,,,,,,,,,,,4,0.01,,,,,,,,,,,,,1,0.01,3,0.01,,,,,9,0.015,,,,,,,,,,,,,,,,,,,,,,,,,,,,,,,,,,,,,,,,,,,,,,,,,,,,,,,,,,,,,,,,,,,,,,,,,,,,,,,,
Fraxinus sp.,Ash sp.,,,,,,,,,,,,,,,,,,,,,,,,,,,,,,,,,,,,,,,,,,,,,,,,,,,,,,,,,,,,,,,,,,,,,,,,,,,,,,,,,,,,,,,,,,,,,,,,,,,,,,,,,,,,,,,,,,,,,,,,,,,,,,,,,,,,,,,,,,,,,,,,,,,,,,,,,,,,,,,,,,,,,,,,,,,,,,,,,,,,,,,,,,,,,,,,1,0.01,,,,,,,,,,,,,,,,,,,,,,,,,,,,,,,,,,,,,,,,,,,,,,,,,,,,,,,15,0.015,5,0.015,,,,,,,,,,,,,,,,,1,0.010,,,,,,,,,,,,,,,,,,,,,,,,,,,,,,
Fraxinus americana,White Ash,,1,1,,,,,,,1,2,,,,,1,3,1,,,,,,,,,,,,,,,,,,,,,,,1,0.06,2,0.1,,,,,,,,1,,,,,,,,,3,3,,,8,23,,2,0.06,,,,,,,8,0.105,6,0.03,4,0.06,17,0.065,7,0.1,,,2,0.03,2,0.04,9,0.15,23,0.28,1,0.08,1,0.005,2,0.005,1,0.005,1,0.005,4,0.01,1,0.005,,,1,0.01,3,0.01,,,5,0.01,81,0.11,159,0.25,158,0.245,,,1,0.005,,,,,,,,,,,,,87,0.07,25,0.02,,,,,,,,,,,,,,,,,,,,,3,0.015,,,1,0.005,,,,,,,,,,,,,,,,,,,,,,,157,0.16,,,1,0.01,,,,,,,,,,,,,,,,,,,,,,,,,,,,,,,,,,,,,,,,,,,,,,,,,,,,,,,,,14.000,0.060,9.000,0.060,4.000,0.020,26.000,0.090,35.00,0.090,19.000,0.050,,,,,,,1,0.005,3,0.01,,,,,,,,,,,,,,,,,,,,,,
Fraxinusÿpensylvanica,Green Ash,,,,,,,,,,,,,,,,,,,,,,,,,,,,,,,,,,,,,,,,,,,,,,,,,,,,,,,,,,,,,,,,,,,,,,,,,,,,,,,,,,,,,,,,,,,,,,,,,,,,,,,,,,,,,,,,,,,,,,,,,,,,,,,,,,,,,,2,0.005,,,,,,,,,,,,,,,,,,,,,,,,,,,,,,,,,,,,,,,,,,,,,,,,,,,,,,,,,,,,,,,,,,,,,,,,,,,,,,,,,,,,,,,,,,,,,,,,,,,,,,,,,,,,,,,,,,,,,1,0.010,,,,,,,,,,,,,,,,,,,,,,,,,,,,,,,,,,,,,,,,,,,,,,
Galium aparine,Cleavers,,2,,,,,,,,,,,,,,,,,,,,,,,,,,,,,,,,,,,,,,,,,,,,,,,,,,,,,,,,,,,,,,,,,,,,,,,,,,,,,,,,,,,,,,,,,,,,,,,,,,,,,,,,,,,,,,,,,,,,,,,,,,,,,,,,,,,,,,,,,,,,,,,,,,,,,,15,0.025,,,,,,,,,,,,,,,,,,,,,,,,,,,,,,,,,,,,,,,,,,,,,,,,,,,,,,,,,,,,,,,,,,,,,,,,,,,,,,,107,0.425,,,,,,,,,,,,,1,0.005,,,,,,,,,,,,,,,,,,,,,,,,,,,,,,,,,,,,,,,,,,,,,,,,,,,,
Galium asprellum,Rough Bedstraw,,,,,,,,,,,,,,,,,,,,,,,,,,,,,,,,,,,,,,,,,,,,,,,,,,,,,,,,,,,,,,,,,,,,,,,,,,,,,,,,,,,,,,,,,,,,,,,,,,,,,,,,,,,,,,,,,,,,,,,,,,,,,,,,,,,,,,,,,,,,,,,,,,,,,,,,,,,,,,,,,,,,,,,,,,,,,,,,,,,,,,,,,,,,,,,,,,,,2,0.01,,,,,,,,,,,,,,,,,,,,,,,,,,,,,,,,,,,,,,,,,,,,,,,,,,,,,,,,,,,,,,,,,,,,,,,,,,,,,,,,,,,,,,,,,,,,,,,,,,,,,,
Galium sp. ,Bedstraw sp.,,,,,,,,,,,,,,,,,,,,,,,,,,,,,,,,,,,,,,,,,,,,,,,,,,,,,,,,,,,,,,,,,,,,,,,,,,,,,,,,,,,,,,,,,,,,,,,,,,,,,,,,2,0.01,,,,,,,,,,,,,,,,,,,,,,,,,,,,,,,,,,,,,,,,,,,,,,,,,,,,,,,,,,,,,,,,,,,,,,,,,,,,,,,,,,,,,,,,,,,,,,,,,,,,,,,,,,,,,,,,,,,,,,,,,,,,,,,,,,,,,,,,,,,,,,,,,,,,,,,,,,,,,,,,,,,,,,,,,,,,,,,,,,,,,,,,,,,,,,,,,,
Geranium maculatum,Wild Geranium,,,,,,,,,,,,,,,,,,,,,,,,,,,,,,,,,,,,,,,,,,,,,,,,,,,,,,,,,,,,,,,,,,,,59,0.35,14,0.07,,,,,,,,,,,,,,,,,9,0.07,,,,,,,,,,,2,0.01,,,,,9,0.05,,,,,,,,,,,,,,,,,,,,,,,,,,,23,0.16,6,0.045,,,,,,,,,4,0.01,,,,,,,,,,,,,,,,,,,,,,,,,,,,,,,,,,,,,,,,,,,,,,,,,,,,,,,,,,,,,,,,,,,,,,,,,,,,,,,,,,,,,,,,,,,,,,,,,,,,,,,6,0.08,19,0.090,7,0.035,,,,,,,,,,,,,2,0.020,,,,,,,,,,,,,,,,,,,,,,,,,,,,,,
Geranium robertianum,Herb Robert,,,,,,,1,,,,,,,,,,,,,,,,,,,,,,,,,,,,,,,,,,,,,,,,,,,,,,,,,,,,,,,,,,55,,,4,0.05,,,1,0.005,,,,,,,,,,,,,,,,,,,29,0.016,,,,,,,,,1,0.005,,,,,,,,,3,0.005,,,,,,,,,2,0.005,,,,,,,1,0.005,,,,,,,,,,,,,,,,,,,,,,,,,,,,,5,0.025,,,,,,,,,2,0.005,,,,,,,,,,,,,,,,,,,,,15,0.03,,,,,4,0.01,,,,,,,,,,,,,,,,,,,,,,,,,,,1,0.005,2,0.01,1,0.01,,,,,1,0.005,,,,,,,,,28,0.055,,,,,,,,,,,,,,,,,,,,,,,,,1,0.005,1,0.005,45,0.03,,,,,,,,,,,,,,,,,,,,,,
Geum sp.,Avens sp.,,,,,,,,,,,,,,,,,,,,,,,,,,,,,,,,,,,,,,,,,,,,,,,,,,,,,,,,,,,,,,1,,,,,,,,,,,,,,,,,,,,,,,,,,,,1,0.02,,,,,,,,,,,,,,,,,,,,,,,,,,,,,,,,,,,,,,,,,,,,,,,,,,,,,,,,,,,,,,,,,,,,,,,,,,,2,0.02,,,,,,,,,,,,,,,,,,,,,,,,,,,,,,,,,1,0.04,,,,,,,,,,,,,2,0.005,,,,,,,,,,,,,,,,,2,0.005,,,,,,,,,,,,,,,,,,,1,0.010,3,0.010,,,,,,,,,,,,,,,,,1,0.005,,,,,,,,,,,,,,,,,,,,,,,,,,
Hepatica americana,Round-Lobed Hepatica,,,,,,,,,,,,,,,,,,,,,,,,,,,,,,,,,,,,,,,,,,,,,,,,,,,,,,,,,,,,,,,,,,,,,,,,,,,,,,,,,,,,,,,,,,,,,,,,,,,,,,,,,,,,,,,,,,,,,,,,,,,,,,,,,,,,,,,,,,,,,,,,,,,,,,,,,,,,,,,,,,,,,,,,,,,,,,,,,,,,,,,,,,,,,,,,,,,,,,,,,,,,,,,,,,,,,,,,,,,,,,,,,,,,,,,,,,,,,,,,,,,,,,,,,,,,,,,,,,,,,,,,,,,,,,,,,,,,,,,,,,,,,,,,,,,,,,,,,,,
Hieracium sp,Hawkweed,,,,,,,,,,,,,,,,,,,,,,,,,,,,,,,,,,,,,,,,,,,,,,,,,,,,,,,,,,,,,,,,,,,,,,,,,,,,,,,,,,,,,,,,,,,,,,,,,,,,,,,,,,,,,,,,,,,,,,,,,,,,,,,,,,,,,,,,,,,,,,,,,,,,,,,,,,,,,,,,,,,,,,,,,,,,,,,,,,,,,,,,,,,,,,,,,,,,,,,,,,,,,,,,,,,,,,,,,,,,,,,,,,,,,,,,,,,,,,,,,,,,,,,,,,,,,,,,,,,,,,,,1.00,0.010,,,,,,,,,,,,,,,,,,,,,,,,,,,,,,,,,,
Hydrophyllum virginianum,Virginia Waterleaf,,,,,,,,,,,,,,,,,,,,,,,,,,,,,,,,,,,,,,,,,,,,,,,,,,,,,,,,,,,,,,,,,,,,,,,,,,,,,,,,,,,,,,,,,,,,,,,,,,,,,,,,,,,,,,,,,,,,,,,,,,,,,,8,0.1,,,,,,,,,15,0.1,,,,,,,,,,,,,,,,,,,,,,,,,,,,,,,,,,,,,,,,,,,,,,,,,,,,,,,,,,,,,,,,,,,,,,,,,,,,,,,,,,,,,,,,,,,11,0.07,,,,,,,,,,,,,,,,,,,,,,,,,2,0.020,,,,,,,,,,,,,,,,,,,,,,,,,,,,,,,,,,,,,,,,,,,,
Impatiens capensis,Spotted Jewelweed,,,,,,,,,,,,,,,,,,,,,,,,,,,,,,,,,,,,,,,,,,,2,0.005,,,,,,,,,,,,,,,9,,1,,,,,,,,,,,,,,,,,,,,,,,,,,,,,,,,,,,,,,,,,,,,,,,,,,,,,,,,,,,,,,,,,,,,,,,,,86,0.065,65,0.05,,,,,,,,,,,3,0.005,,,,,,,,,,,,,,,,,,,,,,,,,,,,,,,,,,,,,,,,,,,,,,,,,,,,,35,0.01,,,,,,,2,0.005,26,0.01,34,0.01,,,,,,,,,,,,,,,,,,,,,,,,,,,,,,,,,91,0.03,,,103,0.030,86,0.060,,,,,,,,,,,,,,,,,,,,,,,,,,,,,,,,,,,,,,,,,,,,
Impatiens sp.,Jewelweed sp.,,,,,,,,,,,,,,,,,,,,,,,,,,,,,,,,,,,,,,,,,,,,,,,,,,,,,,,,,,,,,,,,,,,,216,0.65,90,0.305,,,,,,,,,,,,,,,,,,,,,,,,,,,,,,,,,,,,,,,,,,,,,,,,,,,,,,,,,,,,,,,,,,,,,,,,,,,,,,,,,,,,,,,,,,,,,,,,,,,,,,,,,,,,,,,,,,,,,,,,,,,,,,,,,,,,,,,,,,,,,,,,,,,,,,,,,,,,,,,,,,,,,,,,,,,,,,,,,,,,,,,,,,,,,,,,,,,,,,,,,,,,,,,,,,,,,,,,,,,,,,,,,,,,
Lapsana communis,Nipplewort,,,,,,,,,,,,,,,,,,,,,,,,,,,,,,,,,,,,,,,,,,,,,,,,,,,,,,,,,,,,,,,,,,,,,,,,,,,,,,,,,,,,,,,,,,,,,,,,,,,,,,,,,,,,,,,,,,,,,,,,,,,,,,58,0.1,1,0.005,,,,,,,,,,,,,,,,,,,,,,,1,0.005,3,0.005,,,,,,,,,,,,,,,,,,,,,,,,,,,,,,,,,,,,,,,,,,,,,,,,,,,,,,,,,,,,,,,,,,,,,,,,,4,0.03,2,0.03,91,0.33,,,30,0.025,1,0.02,4,0.035,,,3,0.005,1,0.02,,,,,,,,,,,,,,,,,,,,,,,,,,,,,,,,,,,,,,,,,,,,,,,,,,,,
Lonicera sp. ,Honeysuckle sp.,,,,,,,,,,,,,,,,,,,,,,,,,,,,,,,,,,,,,,,,,,,,,,,,,,,,,,,,,,,,,,,,,,,,,,,,,,1,0.02,,,,,,,,,,,,,,,,,,,,,,,,,,,,,,,,,,,,,,,,,,,,,,,,,,,,,,,,,,,,,,,,,,,,,,,,,,,,,,,,,,,,,,,,,,,,,,,,,,,,,,,,,,,,,,,,,,,,,,,,,,,,,,,,,,,,,,,,,,,,,,,,,,,,,,,,,,,,,,,,,,,,,,,,,,,,,,,,,,,1,0.010,,,,,,,,,,,,,,,,,,,,,,,,,,,,,,,,,,,,,,,,,,,,
Maianthemum canadense,Canada Mayflower,,7,71,12,,,,,,,,,,19,1,,,43,3,,,,,,,,,,,,,,,,,,,,,,,,,,,,,,1,0.005,,,62,5,,,,,1,,,,,1,,,,,,4,0.04,,,,,5,0.01,2,0.005,,,,,,,,,,,,,,,,,5,0.02,2,0.02,3,0.03,,,,,,,,,,,,,6,0.01,1,0.005,2,0.005,,,8,0.025,3,0.015,7,0.03,3,0.015,1,0.005,,,,,,,,,,,,,,,,,,,,,,,,,17,0.03,10,0.02,,,,,,,,,,,,,,,,,,,,,,,,,,,,,,,,,,,,,4,0.08,,,,,3,0.01,,,,,3,0.01,,,1,0.005,,,,,,,,,,,29,0.05,5,0.01,,,,,,,51,0.065,7,0.01,,,2,0.01,33,0.05,24,0.02,,,,,,,,,,,12.000,0.040,1.000,0.005,2.000,0.010,,,,,,,,,,,,,5,0.02,,,,,,,,,,,,,,,,,,,,,,,,
Maianthemum racemosum ssp. racemosum,False Salomon's Seal,,10,,,,,,9,14,,,2,,,,2,,,,,1,,,,,,,,,,,,,,,,22,0.15,,,,,,,2,0.02,,,,,,,,,,,,,,,1,2,,,,,,,,,,1,0.02,,,3,0.015,3,0.055,,,,,,,,,,,,,,,,,3,0.06,2,0.03,,,1,0.005,,,,,,,,,,,,,4,0.05,,,,,2,0.03,3,0.04,16,0.32,,,,,,,,,,,,,,,,,,,,,,,2,0.015,32,0.055,,,,,,,,,,,,,,,,,,,,,,,,,,,,,,,,,,,,,,,3,0.01,,,,,,,,,,,,,,,,,,,,,,,,,,,,,,,3,0.015,4,0.035,51,0.16,6,0.025,36,0.07,,,,,,,,,,,,,,,2,0.03,,,,,,,4.000,0.030,1.000,0.010,,,,,,,,,,,,,,,,,,,,,,,,,,,,,,,,,,,,,,,,
Matteuccia struthioptersis var. pensylvanica,Ostrich Fern,,,,,,,,,,,,,,,,,,,,,,,,,,,,,,,,,,,,,,,,,,,,,,,,,,,,,,,,,,,,,,,,,,,,,,,,,,,,3,0.03,,,,,,,,,,,,,,,,,,,,,,,,,,,,,,,,,,,,,4,0.15,,,,,,,,,,,,,,,,,,,,,,,,,,,,,,,,,,,,,,,,,,,,,,,,,,,,,,,,,,,,,,,,,,,,,,,,,,,,,,,,,,,,,,,,,,,,,,,,,,,,,,,,,,,,,,,,,,,,,,,,,,,,,,,,,,,,,,,,,,,,,7.000,0.060,,,,,,,,,,,,,,,,,,,,,,,,,,,,,,,,,,,,,,,,,,
Oryzopsis asperifolia,Rough-leaved Mountain-rice,,,,,,,,,,,,,,,,,,,,,,,,,,,,,,,,,,,,,,,,,,,,,,,,,,,,,,,,,,,,,,,,,,,,,,,,,,,,,,,,,,,,,,,,,,,,,,,,,,,,,,,,,,,,,,,,,,4,0.25,,,,,,,,,,,,,,,,,,,,,,,,,,,,,,,,,,,,,,,,,,,,,,,,,,,,,,,,,,,,,,,,,,,,,,,,,,,,,,,,,,,,,,,,,,,,,,,,,,,,,,,,,,,,,,,,,,,,,,,,,,,,,,,,,,,,,,,,,,,,,7.000,0.350,,,,,,,,,,,,,,,,,,,,,,,,,,,,,,,,,,,,,,,,,,
Osmhoriza claytonii,Sweet Cicely,,,,,,,,,,,,,,,,,,,,,,,,,,,,,,,,,,,,,,,,,,,,,,,,,,,,,,,,,,,,,,,,,,,,,,,,,,,,,,,,,,,,,,,,,,,,,,,,,,,,,,,,,,,,,,,,,,,,,,,,,,,,,,,,,,,,,,,,,,,,,,,,,,,,,,,,,,,,,,,,,,,,,,,,,,,,,,,,,,,,,,,,,,,,,,,,,,,,,,,,,,,,,,,,,,,,,,,,,,,,,,,,,,,,3,0.025,,,,,,,,,,,,,,,,,,,,,,,,,,,,,,,,,,,,,,,,,,,,,,,,,,,,,,,,,,,,,,,,,,,,,,
Ostrya virginiana,Ironwood,,,,,,,,,,,,,,,,,,,,,,,,,,,,,,,,,,,,,,,,,,,,,,,,,,,,,,,,,,,,,,,,,,,,5,0.025,,,,,,,,,5,0.025,,,,,,,,,,,,,,,,,1,0.05,5,0.1,,,1,0.05,,,,,,,,,,,,,,,,,,,1,0.005,3,0.015,,,,,,,,,,,,,,,,,1,0.005,,,,,,,,,,,,,,,,,,,,,,,,,,,,,,,,,,,,,,,,,,,,,,,,,,,,,3,0.01,,,,,,,,,,,,,,,,,,,,,,,,,,,2,0.005,5,0.01,,,,,,,,,,,,,,,,,,,,,2,0.005,,,,,,,,,,,,,,,,,,,,,,,,,,,,,,,,,,,,,,,,,,,,,,,,,,
Oxalis dillenii,Dillen's Wood-sorrel,,,,,,,,,,,,,,,,,,,,,,,,,,,,,,,,,,,,,,,,,,,,,,,,,,,,,,,,,,,,,,,,,,,,,,,,,,,,,,,,,,,,,,,,,,,,,,,,,,,,,,,,,,,,,,,,,,,,,,,,,,,,,,,,,,,,,,,,,,,,,,,,,,,,,,,,,,,,,,,,,,,,,,,,,,,,,,,,,,,,,,,,,,,,,,,,,,,,,,,,,,,,,,,,,,,,,,,,,,,,,,,,,,,,,,,,,,,,,,,,,,,,,,,,,,,,,,,,,,,,,,,,,,,,,,,,,,,,,,,,,,,,,,,,,,,,,,,,,,,
Oxalis sp.,Wood-sorrel sp.,,,,,,,,,,,,,,,,,,,,,,,,,,,,,,,,,,,,,,,,,,,,,,,,,,,,,,,,,,,,,,,,,,,,,,,,,,,,,,,,,,,,,,,,,,,,,,,,,,,,,,,,,,,,,,,,,,,,,,,,,,,,,,,,7,0.005,,,,,,,,,,,,,,,,,,,,,,,,,,,,,,,,,,,,,,,,,,,,,,,,,,,,,,,,,,,,,,,,,,,,,,,,,,,,,,,,,,,,,,,,,,,,,,,,,,,,,,,,,,,,,,,,,,,,,,,,,,,,,,,,,,,,,,,,,,,,,,,,,,,,,,,,,,,,,,,,,,,,,,,,,,
Parthenocissus quinquefolia,Virginia Creeper,,,,,,,,,,,,,,,,,,,,,,,,,,,,,,,,,,,,,,,,,,,,,,,,,,,,,,,,,,,,,,,,,,,,12,0.15,7,0.015,,,,,,,,,,,,,,,,,,,,,,,,,,,,,,,,,,,,,,,,,,,,,,,,,,,,,,,,,,,,,,,,,,,,,,,,,,,,,,,,,,,,,,,,,,,,,,,,,,,,,,,,,,,,,,,,,,,,,,,,,,,,,1,0.01,,,,,,,,,,,,,,,,,,,,,,,,,,,,,,,,,,,,,,,,,,,,,,,,,,,,,,,,,,,,,,,,,,,,,,,,,,,,,,,,,,,,,,,,,,,,,,,,,,,,,,
Patis racemosa,Black-fruited Rice Grass,,,,,,,,,,,,,,,,,,,,,,,,,,,,,,,,,,,,,,,,,,,,,,,,,,,,,,,,,,,,,,,,,,,,,,,,,,,,,,,,,,,,,,,,,,,,,,,,,,,,,,,,,,,,,,,,,,,,,,,,,,10,0.1,6,0.085,,,,,,,,,,,,,,,,,,,,,,,,,,,,,,,,,,,,,,,,,,,,,,,,,,,,,,,,,,,,,,,,,,,,,,,,,,,,,,,,,,,,,,,,,,,,,,,,,,,16,0.085,,,,,,,2,0.01,,,,,,,,,,,,,,,,,,,,,,,,,,,,,,,,,,,,,,,,,,,,,,,,,,,,,,,,,,,,,,,,,,
Poaceae sp.,Grass sp.,,,2,5,,3,,,,,,,,,,,,,,,,,,,,,1,0.005,,,,,,,,,,,,,,,,,,,,,,,,,,7,,,,,,,,,,,,,,,,,,,,,,,,,,,,,,,,,,,,,,,,,,,,,,,,,,,,,,,,,,,,,,,,1,0.005,,,,,,,1,0.01,,,,,,,,,,,,,,,,,,,,,,,,,2,0.01,,,,,,,,,,,,,,,,,,,,,,,,,,,,,,,,,,,,,,,7,0.13,,,,,,,,,,,,,,,,,,,,,,,,,,,,,,,,,,,,,,,,,,,1,0.01,,,,,,,,,,,,,,,,,,,,,,,,,,,,,,,,,,,,,,,,,,,,,,,,,,,,,,,,,,,,,,
Podophyllum peltatum,Mayapple,,,2,,,,,,,,,,,,,,,3,,,,,,,,,,,,,,,,,,,,,,,,,,,,,,,,,,,4,,,,,,,,,,,,,,,,,,,,,,,,,,,,,,,,,,,,,,,,,,,,,,,,,,,5,0.25,4,0.15,,,,,,,,,,,,,,,,,,,,,,,,,,,,,8,0.1,,,,,,,,,,,,,,,,,,,,,,,,,8,0.04,18,0.1,,,,,,,,,,,,,,,,,,,,,,,,,,,,,,,,,,,,,,,,,,,,,4,0.04,,,,,,,,,,,,,,,,,,,,,,,2,0.08,,,,,,,,,,,,,10,0.29,17,0.5,,,7,0.050,,,,,,,,,,,,,,,,,,,,,,,,,,,,,,,,,,,,,,,,,,,,
Polygonatum pubescens,Downy Solomon's Seal ,2,,3,3,4,14,,2,1,,,,,8,,,3,,,4,,,,,,,,,,,,,,,,,,,16,0.16,1,0.02,1,0.03,,,,,,,2,1,6,2,2,1,,,15,,,,,,,,,,,,,,,,,,,,,,,,,,,,,,,,,,,,,4,0.1,2,0.015,,,,,,,,,,,,,,,2,0.015,1,0.005,,,,,3,0.05,,,,,2,0.02,2,0.005,,,,,,,,,,,,,,,,,,,,,2,0.005,,,,,,,,,,,,,,,,,,,,,,,,,,,,,,,,,,,,,,,,,,,,,,,,,20,0.17,,,1,0.005,3,0.02,,,,,,,,,,,,,,,6,0.01,,,,,,,2,0.005,1,0.005,2,0.005,,,,,6,0.03,,,,,,,,,,,,,,,,,,,,,,,,,,,,,,,,,,,,,,,,,,,,,,,,,,,,,,,,
Polygonatum sp.,Solomon Seal sp. ,,,,,,,,,,,,,,,,,,,,,,,,,,,,,,,,,,,,,,,,,,,,,,,,,,,,,,,,,,,,,,,,,,,,,,,,,,,,,,,,,,,,,,,,,,,,,,,,,,,,,,,,,,,,,,,,,,,,,,,,,,,,,,,,,,,,,,,,,,,,,,,,,,,,,,,,,,,,,,,,,,,,,,,,,,,,,,,,,,,,,,,,,,,,,,,,,,,,,,,,,,,,,,,,,,,,,,,,,,,,,,,,35,0.1,19,0.06,,,,,,,,,,,,,,,,,,,,,,,,,,,,,,,,,,,,,,,,,,,,,,,,,,,,,,,,,,,,,,,,,,,,,,,,
Prenanthes sp.,White Lettuce sp.,,,,,,,,,,,,,,,,,,,,,,,,,,,,,,,,,,,,,,,,,,,,,,,,,,,,,,,,,,,,,,,,,,,,,,,,,,,,,,,,,,,,,,,,,,,,,,,,,,,,,,,,,,,,,,,,,,,,,,,,,,,,,,,,,,,,,,,,,,,,,,,,,,,,,,,,,,,,,,,,,,,,,,,,,,,,,,,,,,,,,,,,,,,,,,,,,,,,,,,,,,,,,,4,0.02,,,,,,,,,,,,,,,,,,,,,,,,,,,,,,,,,,,,,,,,,,,,,,,,,,,,,,,,,,,,,,,,,,,,,,,,,,,,,,,,,,,,,,,,,,,,
Prunus serotina,Black Cherry,,,,2,,,,,,,,,,,,,,,,,,,,,,,,,,,,,,,,,,,,,,,,,,,,,,,,,,,,,,,,,,,,,,,,,,,,,,,,,,,,,,,,,,,,,,,,,,,,,,,,,,,,,,,,,,,,,,,,,,,,,,,,,,,,,,,,,,,,,,,,,,,,,,,,,,,,,,,,,,,,,,,,,,,,,,,,3,0.02,3,0.01,,,,,,,,,,,,,,,5,0.03,6,0.04,1,0.01,,,,,,,,,,,,,,,,,,,,,,,,,,,,,,,,,,,,,,,,,,,,,,,,,,,,,,,,,,,,,,,,,,,,,,,3.000,0.030,,,,,,,,,,,,,,,,,,,,,,,,,,,,,,,,
Prunus sp.,Cherry sp.,,,,,,,,,,,,,,,,,1,,,,,,,,,,7,0.1,,,1,0.2,,,2,0.19,,,,,,,,,,,,,,,3,20,,6,,,,,,,,,,,4,,,,,,,,,,,1,0.005,,,,,,,,,1,0.01,,,,,3,0.07,,,,,,,,,,,,,,,,,,,1,0.005,,,,,,,,,,,,,,,,,,,,,,,,,,,,,,,,,,,,,,,,,,,,,,,,,,,,,,,,,1,0.005,,,,,,,,,,,,,,,,,,,,,,,,,,,,,,,,,,,,,,,,,,,,,,,,,,,,,,,,,,,,,,,,,,,1,0.005,,,,,,,,,,,,,,,,,,,,,,,,,,,,,,,,,,,,,,,,,,,,,,,,,,,,,,,,,,,,
Prunus virginiana,Chokecherry,,15,,,,,,,,,,,,,,2,,,6,,,,,,,,,,,,,,,,,,,,,,1,0.2,,,,,,,,,,,,,,,,,,,,,,,15,,,,,,,2,0.1,,,,,,,,,,,,,,,,,,,11,0.8,,,26,0.62,2,0.1,,,,,,,,,,,,,,,,,1,0.005,,,,,2,0.005,,,,,,,,,,,,,,,,,,,,,,,,,,,,,,,,,,,,,,,,,,,,,,,,,,,,,,,,,,,,,,,,,,,,,,,,,,,,,,,,,3,0.01,,,,,,,,,,,,,,,,,,,7,0.025,,,,,,,1,0.005,,,,,,,1,0.005,,,,,1,0.005,,,,,,,2,0.010,1.000,0.010,4.000,0.025,,,,,,,1.000,0.010,,,,,,,,,,,,,,,,,,,,,,,,,,,,,,,,
Pteriophyta sp.,Fern sp.,,,,,,,,,,,,,,,,,,,,,,,,,,,,,,,,,,,,,,,,,,,,,,,,,,,,,,,,,,,,,,,,,,,4,,,,,,,,,,,2,0.01,,,,,,,,,,,,,,,,,,,,,,,,,,,,,,,,,,,,,,,,,,,,,,,,,,,,,,,,,,,,,,,,,,,,,,,,,,,,,,,,,,,,,,,,,,,,,,,,,,,,,,,,,,,,,,,,,,,,,,,,,,,,,,,,,,,,,,,,,,,,,,,,,,,,,,,,,,,,,,,,,,,,,,,,,,,,,,,,,,,,,,,,,,,,,,,,,,,,,,,,,,,,,,,,,,,,,,,,,,,,
Quercus rubra,Red Oak,,,,,,,,,,,,,,,,,,,,,,,,,,,,,,,,,,,,,,,,,,,,,,,,,,,,,,,,,,,,,,,,,,,,,,,,,,,,,,,,,,,,,,,,,,,,,,,,,,,,,,,,,,,,,,,,,,,,,,,,,,,,,,,,1,0.01,,,,,,,1,0.005,,,,,,,,,,,,,,,,,,,,,,,,,,,,,,,,,,,,,,,,,,,,,,,,,,,,,,,,,,,,,,,,,,,,,,,,,,,,,,,,,,,,,,,,,,,,,,,,,,,,,,,,,,,,,,,,,,,,,,,,,,,,,,,,,,,,,,,,,,,,,,,,,,,,,,,,,,,,,,,,,,
Ranunculus abortivus,Kidney-leaf Buttercup,,,,12,,,,,,,,,,,,,,,,,,,,,,,,,,,,,,,,,,,,,,,,,,,,,,,,,,,,,,,,,,,,,,,,,,,,,,,,,,,,,,,,,,,,,,,,,,,,,,,,,,,,,,,,,,,,,,,,,,,,,,,,,,,,1,0.005,,,,,,,,,,,,,,,,,,,,,,,,,,,,,,,,,,,,,,,,,,,,,,,,,,,,,,,,,,,,,,,,,,,,,,,,,,,,,,,,,,,,,,,,,,,,,,,,,,,,,,,,,1,0.005,,,,,,,,,,,,,,,,,,,,,,,,,,,,,,,,,,,,,,,,,,,,,,,,,,,,,,,,,,,,,,,,
Ranunculus acris,Tall Buttercup,,,,,,,,,,,,,,,,,,,,,,,,,,,,,,,,,,,,,,,,,,,,,,,,,,,,,,,,,,,,,,,,,,,,,,,,,,,,,,,,,,,,,,,,,,,,,,,,,,,,,,,,,,,,,,,,,,,,,,,,,,,,,,,,,,,,,,,,,,,,,,,,,,,,,,,,,,,,,,,,,,,,,,,,,,,,,,,,,,,,,,,,,,,,,,,,,,,,,,,,,,,,,,,,,,,,,,,,,,,,,,,,,,,,,,,,,,,,,,,,2,0.005,,,,,,,,,,,,,,,,,,,,,,,,,,,,,,,,,,,,,,,,,,,,,,,,,,,,,,,,,,
Rhamnus cathartica,Common Buckthorn,,,,,,,,,,,,,,,,,,,,,,,,,,,,,,,,,,,,,,,,,,,,,,,,,,,,,,,,,,,,,,,,,,,,,,,,,,,,,,,,,,,,,,,,,,,,,,,,,,,,,,,,2,0.01,,,,,,,,,,,,,,,,,,,,,,,,,,,,,,,1,0.005,,,,,,,,,,,,,,,,,,,,,,,,,10,0.01,,,,,,,,,,,,,,,,,,,,,,,,,,,,,,,,,,,,,,,,,,,,,,,,,,,,,,,,,,,,,,,,,,,,,,,,,,,,,,,,,,,,,8,0.02,2,0.01,,,,,,,,,,,,,,,,,,,,,,,,,,,,,,,,,,,,,,,,,,,,,,,,
Toxicodendron rydbergii,Poison Ivy,,,,,,,,,,,,,,,,,,,,,,,,,,,,,,,,,,,,,,,,,,,,,,,,,,,,,,,,,,,,,,,,,,,,,,,,,,,,,,,,,,,,,,,,,,,,,,,,,,,,,,,,,,,,,,,,,,,,,,,,,,,,,,,,,,,,,,,,,,,,,,,,,,,,,,,,,,,,,,,,,,,,,,,,1,0.005,,,1,0.01,,,,,,,,,,,,,,,,,,,,,,,,,,,,,,,,,,,,,,,,,,,,,,,,,,,,,,,,,,,,,1,0.01,,,,,,,,,,,,,,,,,,,,,,,,,,,,,,,,,,,,,,,,,,,,,,,,,,,,,,,,,,,,,,,,
Ribes cynobasti,Prickly Gooseberry,,,,,,,,,,,,,,,,,,,,,,,,,,,,,,,,,,,,,,,,,,,,,,,,,,,,,,,,,,,,,,,,,,,,,,,,,,,,,,,,,,,,,,,,,,,,,,,,,,,,3,0.02,,,,,,,3,0.005,1,0.005,2,0.01,,,,,,,,,,,,,,,,,,,,,,,,,,,,,,,,,,,,,,,,,,,,,,,,,,,,,,,,,,,,,,,,,,,,,,,,,,,,,,,,,,,1,0.01,,,,,,,,,,,,,,,,,,,,,,,,,,,,,,,,,,,,,,,,,,,1,0.01,,,,,,,,,,,,,,,,,,,,,,,,,,,,,,,,,,,,,,,,,,,,,,,,,,,,,,,,,,
Ribes sp.,Currant Sp.,,,,,,,,,,,,,,,,,,,,,,,,,,,,,,,,,,,,,,,,,,,,,,,,,,,,,,,,,,,,,,,,,,,,,,,,,,,,,,,,,,,,,,,,,,,,,,,,2,0.1,,,,,,,,,,,,,,,,,,,,,,,,,,,,,,,,,,,,,,,,,,,,,,,,,,,,,,,,,,,,,,,,,,,,,,,,,,,,,,,,,,,,,,,,,,,,,,,,,,,,,,,,,,,,,,,,,,,,,,,,,,,,,,,,,,,,,,,,,,,,,,,,,,,,,,,,,,,,,,,,,,,,,,,,,,,,,,,,,,,,,,,,,,,,,,,,,,,,,,,,,,
Rosa sp.,Rose sp.,,,,,,,,,,,,,,,,,,,,,,,,,,,,,,,,,,,,,,,,,,,,,,,,,,,,,,,,,,,,,,,,,,,,,,,,,,,,,,,,,,,,,,,,,,,,,,,,,,,,,,,,,,,,,,,,,,,,,,,,,,,,,,,,1,0.005,,,,,,,,,,,,,,,,,,,,,,,,,,,,,,,,,,,,,,,,,,,,,,,,,,,,,,,,,,,,,,,,,,,,,,,,,,,,,,,,,,,,,,,,,,,,,,,,,,,,,,,,,,,,,,,,,,,,,,,,,,,,,,,,,,,,,,,,,,,,,,,,,,,,,,,,,,,,,,,,,,,,,,,,,,
Rubus allegheniensis,Blackberry,,,,,,,,,,,,,,,,,,,,,,,,,,,,,,,,,,,,,,,,,,,,,,,,,,,,,,,,,,,,,,,,,,,,,,,,,,,,,,,,,,,,,,,,,,,,,,,,,,,,,,,,,,,,,,,,,,1,0.005,,,,,,,,,,,,,,,,,,,,,,,,,,,,,,,,,,,,,,,,,,,,,,,,,,,,,,,,,,,,,,,,,,,,,,,,,,,,,,,,,,,,,,,,,,,,,,,,,,,,,,,,,,,,,,,,,,,,,,,,,,,,,,,,,,,,,,,,,,,,,,,,,,,,,,,,,,,,,,,,,,,,,,,,,,,,,,,,,,,,,,,,
Rubus idaeus,Red Raspberry,,,,,,,,,,,,1,,,,,,,,,,,,,,,,,,,,,,,,,,,,,,,,,2,0.25,,,,,,,,,,,,,,,,6,,,,,,,,,,,,,,,,,,,,,,,,,,,,,,,,,,,,,,,,,,,,,,,,,,,,,,,,,,,,,,2,0.01,,,,,,,,,,,,,,,,,,,,,,,,,,,,,,,,,,,,,,,,,,,,,,,,,,,,,,,,,,,,,,,,,,,,,,,,,,,,,,,,,,,,,,,,,,,,,,,,,,,2,0.005,1,0.005,,,,,,,,,,,,,,,,,,,,,,,,,,,,,3.000,0.050,,,,,,,,,,,,,,,,,,,,,,,,,,,,,,,,,,,,,,,,,,
Rubus odoratus,Purple-flowering Raspberry,,,,,,,,,,,,,,,,,,,,,,,,,,,,,,,,,,,,,,,,,,,,,,,,,,,,,,,,,,,,,,,,,,,,,,,,,,,,,,,,,,,,,,,,,,,,,,,,,,,,,,,,,,,,,,,,,,,,,,,,,,,,,,,,,,,,,,,,,,,,,,,,,,,,,,,,,,,,,,,,,,,,,,,,,,,,,,,,,,,,,,,,,,,,,,,,3,0.02,1,0.01,1,0.01,,,,,,,,,,,,,,,,,,,,,,,,,,,7,0.01,,,,,,,,,,,,,,,,,,,,,,,,,,,,,,,,,,,,,,,,,,,,,,,,,,,,,,,,,,,,,,,,,,,,,,,,,,
Rubus sp.,Raspberry,,,,,,,,,,,,,,,,,,,,,,,,,,,,,,,,,,,,,,,,,,,,,,,,,,,,,,,,,,,,,,,,,,,,,,,,,,,,,,,,,,,,,,,,,,,,,,,,,,,,,,,,,,,,,,,,,,,,,,,,,,,,,,,,,,,,,,,,,,,,,,,,,,,,,,,,,,,,,,,,,,,,,,,,,,,,,,,,,,,,,,,,,,,,,,,,,,,,,,,,,,,,,,,,,,,,,,,,,,,,,,,,,,,,,,,,1,0.005,,,,,,,,,,,,,,,,,,,,,,,,,,,,,,,,,,,,,,,,,,,,,,,,,,,,,,,,,,,,,,,,,,
Sanguinaria canadensis,Bloodroot,,,,,,,,,,,,,,,,,,,,,,,,,,,,,,,,,,,,,,,,,,,,,,,,,,,,,,,,,,,,,,,,,,,,,,,,,,,,,,,,,,,,,,,,,,,,,,1,0.005,,,,,,,1,0.005,4,0.01,,,,,,,,,,,,,,,,,1,0.01,,,1,0.01,,,,,,,,,,,,,,,,,,,,,,,,,,,,,,,,,,,6,0.02,3,0.01,,,,,,,,,,,,,,,,,,,,,,,,,,,,,,,,,,,,,,,,,,,,,,,,,,,,,,,,,,,11,0.1,3,0.01,,,,,,,,,,,,,,,,,,,,,13,0.03,42,0.13,,,,,,,,,,,,,,,,,,,,,,,,,,,,,,,,,,,,,,,,,,,,,,,,
Smilax herbacea,Carrion Flower,,,2,,,,,,,,,,,,,,,,,,,,,,,,,,,,,,,,,,,,,,,,,,,,,,,,,,,,,,,,,,,,,,,,,,,,,,,,,,,,,,,,,,,,,,,,,,,,,,,,,1,0.005,,,26,0.075,,,,,,,,,,,,,,,,,,,,,,,1,0.05,,,,,,,,,,,,,,,,,,,,,,,,,,,,,,,,,,,,,,,,,,,,,,,,,,,,,,,,,,,,,,,,,,,,,,,,,,,,,,,,,,,,,,,,,,,,,,,,,,,,,,,,,,,,,,,,,,,,,,,,,,,,,,,,,,,,,,,,,,,,,,,,,,,,,,,,,,,,,,,,,,,,,,,,,,
Solanum sp. ,Nightshade sp.,,,,,,,,,,,,,,,,,,,,,,,,,,,,,,,,,,,,,,,,,,,,,,,,,,,,,,,,,,,,,,,,,44,9,,,,,,,,,,,,,,,,,,,,,,,,,,,,,,,,,,,,,,,,,,,,,,,,,,,,,,,,,,,,,,,,,,,,,,,,,,,,,,,,,,,,,,,,,,,,,,,,,,,,,,,,,,,,,,,,,,,,,,,,,,,,,,,,,,,,,,,,,,,,,,,,,,,,,,,,,,,,,,,,,,,,,,,,,,,,,,,,,,,,,,,,,,,,,,,,,,,,,,,,,,,,,,,,,,,,,,,,,,,,,,,,,,,,,,,,,
Solanum ptychanthum,Eastern Black Nightshade,,,,,,,,,,,1,,,,,,,,,,,,,,,,,,,,,,,,,,,,,,,,,,,,,,,,,,,,,,,,,,,,,,,,,,,,,,,,,,,,,,,,,,,,,,,,,,,,,59,0.43,,,,,,,10,0.05,16,0.07,,,,,,,,,,,,,,,,,,,,,,,,,,,,,,,,,,,,,,,,,,,,,,,,,,,,,,,,,,,,,,,,,,,,,,,,,,,,,,,,,,,,,,,,,,,,,,,,,,,,,,,,,,,,,,,,,,,,,,,,,,,,,,,,,,,,,,,,,,,,,,,,,,,,,,,,,,,,,,,,,,,,,,,,,,,,,,,,,,,,,,,,,,,,,,,,
Solidago caesia,Blue-Stemmed Goldenrod,,,,,,,,,2,2,,,,2,,,,2,,,,,,,,,1,0.01,,,,,,,,,3,0.05,,,5,0.08,,,,,,,,,,,3,,,,,,3,,,,,,,,,,,,,,,,,,,4,0.025,,,,,,,,,,,,,,,,,,,,,32,0.105,,,,,,,,,,,,,1,0.01,,,,,,,,,,,,,,,3,0.07,,,,,,,,,,,,,,,,,,,,,2,0.005,,,,,,,,,,,,,,,,,,,,,,,,,,,,,,,,,,,,,,,,,,,33,0.09,,,,,,,,,,,6,0.03,,,,,,,,,,,,,,,,,,,,,,,5,0.025,7,0.03,7,0.035,,,2,0.01,3,0.03,2,0.015,,,,,,,,,,,,,,,,,,,,,,,,,,,,,,,,,,,,,,,,,,,,,,,,,,,,,,
Solidago canadensis,Canada Goldenrod,,,,,,,,,,,,,,,,,,,,,,,,,,,,,,,,,,,,,,,,,,,,,,,,,,,,,,,,,,,,,,,,,,,,,,,,,,,,,,,,,,,,,,,,,,,,,,,,,,,,,,,,,,,,,,,,,,,,,,,,,,,,,,,,,,,,,,,,,,,,,,,,,,,,,,,,,,,,,,,,,,,,,,,,,,,,,,,,,,,,,,,,,,,,,,,,,,,,,,,,,,,,,,,,,,,,,,,,,,,,,,,,3,0.02,,,,,,,,,,,,,,,,,,,,,,,,,,,,,,,,,,,,,,,,,,,,,,,,,,,,,,,,,,,,,,,,,,,,,,,,,,
Solidago sp.,Goldenrod ,,,3,7,,,,,,,,,,,,,,,,,,,,,,,,,,,,,,,,,,,,,,,,,2,0.02,,,,,,,,,,,,,,1,,2,,,,3,,,,,,,,,,,,,,,,,,,,,,,,,,,,,,,,,,,,,,,,,,,,,,,,,,,,,,,,,,,,,,,,,,,,,,,,,,,,,,,,,,,,,,,,,,,,,,,,,,,,,,,,,,,,,,,,,,,,,,,,,,,,,,,,,,,,,,,,,,,,,,,,,,,,45,0.4,9,0.03,,,,,,,,,,,,,,,,,,,,,,,,,,,,,,,,,,,,,,,,,,,,,,,,,,,,,,,,,,,,,,,,,,,,,,,,,,,,,,,,,,
Solidagoÿflexicaulis,Zig zag goldenrod,,,,,,,,,,2,,1,,,,,,,,,,,,,,,,,,,,,,,,,,,,,3,0.03,,,3,0.005,,,,,,,,,,,,,,4,,5,,,,,,,,,,,,,,,,,,,,,,,,,,,,,,,,,,12,0.18,26,0.39,3,0.03,1,0.05,,,,,,,,,,,,,7,0.035,,,,,18,0.14,17,0.205,56,0.42,,,,,,,,,,,,,,,4,0.02,,,,,,,,,,,,,5,0.01,6,0.015,,,,,,,,,,,,,,,,,,,,,,,,,,,,,,,,,,,,,13,0.05,2,0.01,,,32,0.11,,,,,,,,,,,,,,,,,,,,,45,0.105,66,0.185,237,0.77,,,,,,,,,,,,,,,,,,,,,,,,,5,0.010,2.000,0.020,11.000,0.025,,,,,15.00,0.040,,,,,,,,,,,,,,,,,,,,,,,,,,,,,,,,,,
Symphyotrichum lateriflorum,Calico Aster,,,,,,,,,,,,,,,,,,,,,,,,,,,,,,,,,,,,,,,,,,,,,,,,,,,,,,,,,,,,,,,,,,,,,,,,,,,,,,,,,,,,,,,,,,,,,,,,,,,,,,,,,,,,,,,,,,,,,,,,,,,,,,,,4,0.05,,,,,,,,,,,,,,,,,,,,,,,,,,,,,,,,,,,,,,,,,,,,,,,,,,,,,,,,,,,,,,,,,,,,,,,,,,,,,,,,,,,,,,,,,,,,,,,,,,,,,,,,,,,,,,,,,,,,,,,,,,,,,,,,,,,,,,,,,,,,,,,,,,,,,,,,,,,,,,,,,,,,,,,,,,
Symphyotrichum sp.,,,,,,,,,,,,,,,,,,,,,,,,,,,,,,,,,,,,,,,,,,,,,,,,,,,,,,,,,,,,,,,,,,,,,,,,,,,,,,,,,,,,,,,,,,,,,,,,,,,,,,,,,,,,,,,,,,,,,,,,,,,,,,,,,,,,,,,,,,,,,,,,,,,,,,,,,,,,,,,,,,,,,,,,,,,,,,,,,,,,,,,,,,,,,,,,,,,,,,,,,,,,,,,,,,,,,,,,,,,,,,,,,,,,,,,,,,,,,,,,,,,,,,,,,,,,,,,,,,10.000,0.150,,,,,8.000,0.020,,,,,,,,,,,,,,,,,,,,,,,,,,,,,,,,,,,
Taraxacum officinale,Dandelion,,,,,,,,,,,,,,,,,,,,,,,,,,,,,,,,,,,,,,,,,,,,,1,0.005,,,,,,,,,,,,,,,1,2,,,3,1,,1,0.005,,,,,,,3,0.01,,,,,,,,,,,,,,,4,0.15,1,0.005,,,,,2,0.1,2,0.02,,,,,,,,,,,8,0.025,,,,,1,0.005,,,,,,,,,,,,,,,,,,,,,,,,,,,,,,,,,,,,,,,,,,,,,,,,,,,,,,,,,,,,,,,,,,,,,,,6,0.05,1,0.01,3,0.05,1,0.01,,,,,,,,,,,,,,,,,,,,,1,0.005,,,,,3,0.01,,,,,,,1,0.005,,,,,,,,,,,,,,,,,,,,,,5.000,0.010,,,1.000,0.005,1.000,0.010,,,2.000,0.020,,,,,,,,,,,,,,,,,,,,,,,,,,,,,,,
Thalictrum dioicum,Early Meadow-rue,,,,,,,,,,,,,,,,,,,,,,,,,,,,,,,,,,,,,,,,,,,,,,,,,,,,,,,,,,,,,,,,,,,,,,,,,,,,,,,,,,,,,,,,,,,,,,,,,,3,0.15,,,3,0.03,,,,,,,,,,,,,,,,,,,,,5,0.065,,,,,,,,,,,,,,,,,,,,,,,,,,,,,,,,,,,,,,,,,,,,,,,,,,,,,,,,,,,,,,,,,,,,,,,1,0.01,2,0.09,,,,,,,,,,,,,,,,,,,,,,,,,,,6,0.045,,,,,,,,,,,,,,,,,,,,,,,,,,,,,,,,,,,,,,,,,,,,,,,,,,,,,,,,,,,,,,,,,,,,,,,,
Tilia americana,Basswood,,,,,,,,,,,,,,,,,,,,,,,,,,,,,,,,,,,,,,,,,,,,,,,,,,,,,,,,,,,,,,,,,,,,,,,,,,,,,,,,,,,,,,,,,,,,,,,,,,,,,,,,,,,,,,,,,,,,,,,,,,,,,,,,,,,,,,1,0.005,,,,,,,,,,,,,,,,,,,,,,,,,,,,,,,,,,,,,,,,,,,,,,,,,,,,,,,,,,,,,,,,,,,,,,,,,,,,,,,,,,,,,,,,,,,,,,,,,,,,,,,,,,,,,,,,,,,,,,,,,,,,,,,,,,,,,,,,,,,,,,,,,,,,,,,,,,,,,,,,,,,,
Trillium erectum,Purple Trillium,,,,,,,,,,,,,,,,,,,,,,,,,,,,,,,,,,,,,,,,,,,,,,,,,,,,,,,,,,,,,,,,,,,,,,,,,,,,,,,,,,,,,,,,,,,,,,,,,,,,,,,,2,0.05,16,0.25,,,,,,,,,,,,,,,,,,,,,,,,,,,,,,,,,,,,,,,,,,,,,,,,,,,,,,,9,0.08,47,0.43,,,,,,,,,,,,,,,,,,,,,,,,,,,,,,,,,,,,,,,,,,,,,,,,,,,,,,,,,,,,,,,,,,,,,,,,,,,,,,,,,,,7,0.13,3,0.06,,,,,,,,,,,,,,,,,,,,,,,,,,,,,,,,,,,,,,,,,,,,,,,,
Trillium grandiflorum,White Trillium,2,,9,,,1,,,2,,,,,,,2,,1,2,1,1,,,,2,0.02,,,,,,,,,,,2,0.02,1,0.05,,,,,1,0.005,,,,,4,,15,1,1,1,,,1,,,,,,,,,,,,,,,,,,,,,,,,,,,,,39,0.16,46,0.21,,,,,,,,,,,,,119,1,62,0.48,,,,,,,,,,,,,,,,,,,,,,,,,,,,,36,0.16,,,,,,,,,37,0.205,77,0.255,1,0.01,,,,,5,0.015,,,1,0.01,316,0.58,104,0.305,,,,,,,,,,,,,,,,,,,,,,,,,,,,,,,,,,,,,,,,,,,1,0.01,,,,,,,5,0.01,,,,,,,2,0.02,10,0.09,,,,,,,3,0.025,,,,,,,,,,,,,57,0.51,17,0.25,,,26,0.100,,,,,,,,,,,,,26,0.140,62,0.190,,,,,,,,,,,,,,,,,,,,,,,,,,,,
Trillium sp.,Trillium,,,2,,3,,,,,,,,,,,,,,,,,,,,,,,,,,,,,,,,,,,,,,,,,,,,,,,,,,,,,,1,,,,,,,3,1,,,,,,,,,,,,,2,0.01,,,,,,,,,,,,,,,6,0.07,34,0.5,,,,,,,,,,,,,,,,,,,5,0.03,,,3,0.02,1,0.01,,,1,0.01,4,0.025,,,,,,,,,,,,,,,,,,,,,,,,,,,,,,,,,,,,,,,,,,,,,,,3,0.01,,,,,,,2,0.01,,,,,,,,,,,,,1,0.01,5,0.04,,,1,0.005,,,,,,,,,,,,,,,,,25,0.03,39,0.105,,,3,0.015,,,11,0.05,4,0.015,,,,,4,0.02,,,,,434,0.4,102,0.19,,,,,,,,,,7.000,0.030,,,,,,,,,,,,,,,,,,,,1.000,0.005,2.000,0.005,,,,,,,,,,,,,,
Ulmus sp.,,,,,,,,,,,,,,,,,,,,,,,,,,,,,,,,,,,,,,,,,,,,,,,,,,,,,,,,,,,,,,,,,,,,,,,,,,,,,,,,,,,,,,,,,,,,,,,,,,,,,,,,,,,,,,,,,,,,,,,,,,,,,,,,,,,,,,,,,,,,,,,,,,,,,,,,,,,,,,,,,,,,,,,,,,,,,,,,,,,,,,,,,,,,,,,,,,,,,,,,,,,,,,,,,,,,,,,,,,,,,,,,,,,,,,,,,,,,,,,,,,,,,,,,,,,,,2,0.020,,,,,,,,,,,,,,,,,,,,,,,,,,,,,,,,,,,,,,,,,,,,,,
Unknown ,Unknown sp.,,,5,,,1,34,,2,,2,4,2,,,,1,,1,,,2,2,0.015,,,4,0.04,,,,,1,0.005,,,,,,,,,,,,,,,,,2,2,1,2,,2,6,,1,1,,1,1,,,14,1,15,0.04,2,0.01,13,0.01,3,0.07,,,10,0.03,1,0.005,2,0.01,,,,,1,0.01,1,0.005,,,14,0.195,2,0.005,,,1,0.01,9,0.03,,,,,,,,,,,58,0.04,60,0.04,24,0.02,35,0.02,,,1,0.005,3,0.02,47,0.02,7,0.01,,,5,0.015,5,0.015,1,0.005,,,1,0.005,1,0.005,8,0.005,,,60,0.035,82,0.045,60,0.035,143,0.1,5,0.01,53,0.035,3,0.015,26,0.015,,,,,,,2,0.02,,,,,,,,,,,,,,,1,0.01,,,7,0.01,11,0.02,,,,,,,,,,,,,,,,,,,,,2,0.005,,,2,0.01,,,,,,,,,4,0.005,2,0.005,4,0.005,9,0.005,19,0.005,14,0.01,2,0.01,1,0.005,,,7,0.02,,,2,0.010,16,0.035,,6.000,0.030,6.000,0.030,9.000,0.025,15.000,0.010,10.00,0.040,7.000,0.030,,,,,,,,,,,,6.000,0.010,3.000,0.015,2.000,0.010,2.000,0.010,3.000,0.005,1.000,0.005,,,3.000,0.010,1.000,0.005,,
Unknown seedling,Unknown seedling,,,,,,,,,,,,,,,,,,,,,,,,,,,,,,,,,,,,,,,,,,,,,,,,,,,,,,,,,,,,,,,,,,,,1,0.02,,,,,,,,,,,,,,,,,,,,,,,,,,,2,0.01,22,0.9,,,,,,,,,,,,,,,,,,,,,,,,,,,,,,,,,,,,,,,,,,,,,,,,,1,0.005,,,,,,,,,,,,,,,,,,,2,0.005,,,,,,,,,,,,,,,,,,,,,,,,,1,0.01,,,,,,,,,,,,,,,,,,,,,,,,,,,,,17,0.045,7,0.025,,,,,,,,,,,,,,,,,,,,,,,,,,,,,,,,,,,,,,,,,12,0.030,3,0.010,,,,,1,0.005,,,,,,,,,,,,,,,,,,,,,,
Unknown Vine,Unknown Vine,,,,,,,,,,,,,,,,,,,,,,,,,,,,,,,,,,,,,,,,,,,,,,,,,,,,,,,,,,,,,,,,,,,2,,,,,,,,,,,,,,,,,,,,,,,,,,,,,,,,,,,,,,,,,,,,,,,,,,,,,,,,,,,,,,,,,,,,,,,,,,,,,,,,,,,,,,,,,,,,,,,,,,,,,,,,,,,,,,,,,,,,,,,,,,,,,,,,,,,,,,,,,,,,,,,,,,,,,,,,,,,,,,,,,,,,,,,,,,,,,,,,,,,,,,,,,,,,,,,,,,,,,,,,,,,,,,,,,,,,,,,,,,,,,,,,,,,,,,,,
Uvularia grandiflora,Large-flowered Bellwort,,,,,,,,,,,,,,,,,,,,,,,,,,,,,,,,,,,,,,,,,,,,,,,,,,,,,,,,,,,,,,,,,,,,,,,,,,,,,,,,,,,,,,,,,,,,,,,,,,,,,,,,,,,,,,,,,,,,,,,,,,,,,,,,,,,,,,,,,,,,,,,,,,,,,,,,,,,,2,0.005,1,0.005,1,0.005,,,,,,,,,,,,,,,,,,,,,,,,,,,,,,,,,,,,,,,,,,,,,,,,,,,,,,,,,,,,,,,,,,,,,,,,,,,,,,,,,,,,,,,,,,,,,,,,,,,,,,,,,,,,,,,,,,,,,,,,,,,,,,,,,,,,,,,,,,
Veronica officinalis,Common Speedwell,,,,,,,,,,,,,,,,,,,,,,,,,,,,,,,,,,,,,,,,,,,,,,,,,,,,,,,,,,,,,,,,,,,,,,,,,,,,,,,,,,,,,,,,,,,,,,,,,,,,10,0.055,7,0.03,,,,,,,,,,,,,,,,,,,,,,,,,,,,,,,,,,,,,,,,,,,,,,,,,,,,,,,,,,,,,,,,,,,,,,,,,,,,,,,,,,,,,,,,,,,,,,,,,,,,,,,,,,,,,,,,,,,,,,,,,,,,,,,,,,,,,,,,,1,0.02,,,1,0.005,,,,,,,,,,,,,,,,,,,,,,,,,,,,,,,,,,,,,,,,,1.000,0.005,,,,,,,1.000,0.005,,,,
Viburnum acerifolium ,Maple-leaved Viburnum,,,,,,,,,,,,,,,,,,,,,,,,,,,,,,,,,,,,,,,,,,,,,,,,,,,,,,,,,,,,,,,,,,,,,,,,,,,,,,,,,,,,,,,,,,,,,,,,,,,,,,,,,,,,,,,,,,,,,,,,,,,,,,,,,,,,,,,,,,,,,,,,,,1,0.005,,,,,,,,,,,,,,,,,,,,,,,,,,,,,,,,,,,,,,,,,,,,,,,,,,,,,,,,,,,,,,,,,,,,,,,,,,,,,,,,,,,,,,,,,,,,,,,,,,,,,,,,,,,,,,,,,,,,,,,,,1,0.010,,,,,,,,,,,,,,,,,,,,,,,,,,,,,,
Viola sp. ,Violet sp.,,,,,,,,,,,,,,,,,,,,,,,,,,,,,,,,,,,,,,,,,,,,,,,,,,,,,,,,,,,,,,,,,,,,,,,,,,,,,,,,,,,,,,,,,,,,,,,,,,,,3,0.005,,,,,,,,,,,,,,,,,,,,,,,,,,,,,,,,,,,,,,,,,,,,,,,,,,,,,,,,,,,,,,,,,,,,,,,,,,,,,,,,,,,,,,,,,,,,,,,8,0.01,,,1,0.01,,,,,21,0.005,,,1,0.005,1,0.005,,,,,,,,,,,,,,,,,,,,,,,,,,,,,,,,,,,,,,,,,,,,,,,,,,,,,,,,,,,,,,,,,,,,,,,,,,,,,,,,,,,,,,
Xanthoxylum americanum,Prickly Ash,,,,,,,,,,,,,,,,,,,,,,,,,,,,,,,,,,,,,,,,,,,,,,,,,,,,,,,,,,,,,,,,,,,,,,,,,,,,,,,,,,,,,,,,,,,,,,,,,,,,1,0.005,,,,,,,,,,,,,,,,,,,,,,,,,,,,,,,,,,,,,,,,,,,,,,,,,,,,,,,,,,,,,,,,,,,,,,,,,,,,,,,,,,,,,,,,,,,,,,,,,,,,,,,,,,,,,,,,,,,,,,,,,,,,,,,,,,,,,,,,,,,,,,,,,,,,,,,,,,,,,,,,,,,,,,,,,,,,,,,,,,,,,,,,,,,,,,,,,,,,,,
,,,,,,,,,,,,,,,,,,,,,,,,,,,,,,,,,,,,,,,,,,,,,,,,,,,,,,,,,,,,,,,,,,,,,,,,,,,,,,,,,,,,,,,,,,,,,,,,,,,,,,,,,,,,,,,,,,,,,,,,,,,,,,,,,,,,,,,,,,,,,,,,,,,,,,,,,,,,,,,,,,,,,,,,,,,,,,,,,,,,,,,,,,,,,,,,,,,,,,,,,,,,,,,,,,,,,,,,,,,,,,,,,,,,,,,,,,,,,,,,,,,,,,,,,,,,,,,,,,,,,,,,,,,,,,,,,,,,,,,,,,,,,,,,,,,,,,,,,,,,
,,,,,,,,,,,,,,,,,,,,,,,,,,,,,,,,,,,,,,,,,,,,,,,,,,,,,,,,,,,,,,,,,,,,,,,,,,,,,,,,,,,,,,,,,,,,,,,,,,,,,,,,,,,,,,,,,,,,,,,,,,,,,,,,,,,,,,,,,,,,,,,,,,,,,,,,,,,,,,,,,,,,,,,,,,,,,,,,,,,,,,,,,,,,,,,,,,,,,,,,,,,,,,,,,,,,,,,,,,,,,,,,,,,,,,,,,,,,,,,,,,,,,,,,,,,,,,,,,,,,,,,,,,,,,,,,,,,,,,,,,,,,,,,,,,,,,,,,,,,,
,,,,,,,,,,,,,,,,,,,,,,,,,,,,,,,,,,,,,,,,,,,,,,,,,,,,,,,,,,,,,,,,,,,,,,,,,,,,,,,,,,,,,,,,,,,,,,,,,,,,,,,,,,,,,,,,,,,,,,,,,,,,,,,,,,,,,,,,,,,,,,,,,,,,,,,,,,,,,,,,,,,,,,,,,,,,,,,,,,,,,,,,,,,,,,,,,,,,,,,,,,,,,,,,,,,,,,,,,,,,,,,,,,,,,,,,,,,,,,,,,,,,,,,,,,,,,,,,,,,,,,,,,,,,,,,,,,,,,,,,,,,,,,,,,,,,,,,,,,,,
,,,,,,,,,,,,,,,,,,,,,,,,,,,,,,,,,,,,,,,,,,,,,,,,,,,,,,,,,,,,,,,,,,,,,,,,,,,,,,,,,,,,,,,,,,,,,,,,,,,,,,,,,,,,,,,,,,,,,,,,,,,,,,,,,,,,,,,,,,,,,,,,,,,,,,,,,,,,,,,,,,,,,,,,,,,,,,,,,,,,,,,,,,,,,,,,,,,,,,,,,,,,,,,,,,,,,,,,,,,,,,,,,,,,,,,,,,,,,,,,,,,,,,,,,,,,,,,,,,,,,,,,,,,,,,,,,,,,,,,,,,,,,,,,,,,,,,,,,,,,
,,,,,,,,,,,,,,,,,,,,,,,,,,,,,,,,,,,,,,,,,,,,,,,,,,,,,,,,,,,,,,,,,,,,,,,,,,,,,,,,,,,,,,,,,,,,,,,,,,,,,,,,,,,,,,,,,,,,,,,,,,,,,,,,,,,,,,,,,,,,,,,,,,,,,,,,,,,,,,,,,,,,,,,,,,,,,,,,,,,,,,,,,,,,,,,,,,,,,,,,,,,,,,,,,,,,,,,,,,,,,,,,,,,,,,,,,,,,,,,,,,,,,,,,,,,,,,,,,,,,,,,,,,,,,,,,,,,,,,,,,,,,,,,,,,,,,,,,,,,,
